item_id,origin,frame,style,authored_introduced,problem_ids,problems,expert_said,question
G01,variant,rewritten,subtle,off-centre impact causing rotation of the block (angular momentum),A1;A2,"A1: A 2.0 kg block is released from rest at a height of 1.8 m on a frictionless ramp. At the bottom it collides with a 1.0 kg block at rest, and the two stick together. They then slide up a second frictionless ramp. How high do they rise?
A2: A 10 g bullet moving horizontally at 300 m/s embeds itself in a 2.0 kg wooden block hanging at rest from a 1.5 m string. What is the largest angle the string makes with the vertical?","Okay, block slides down, frictionless, so I get its speed at the bottom from energy.
Then they stick, so that part isn't energy, it's momentum, the collision loses energy.
Speed after is two thirds of the speed before, then energy again up the ramp.
Height scales with speed squared, so four ninths of 1.8, 0.8 metres. That's lower, which makes sense.
Bullet embeds, so again a sticking collision, momentum only for the impact.
Speed of block and bullet is about 1.49 metres per second, then it swings up, energy.
Rise is v squared over 2g, about 11 centimetres, and cos theta is one minus h over L, so around 22 degrees.
The word ""stick together"" — that's the giveaway. Any time objects collide and merge into one, you know kinetic energy isn't conserved because some gets converted to heat and deformation, so momentum has to be the tool, not energy. If they'd bounced apart elastically, I might've checked energy conservation too, but ""stick"" is basically a red flag telling me to switch mental modes right there.
It's a sanity check, not a proof — I know a perfectly inelastic collision always bleeds off kinetic energy, so the block-pair simply can't rise back to the original 1.8 m. Getting 0.8 m, which is comfortably less than 1.8, is consistent with that expectation, whereas if I'd gotten something like 1.5 or 2.0 m I'd immediately suspect an algebra slip. It's a quick physical plausibility filter I run on every answer before moving on.
I could've plugged numbers in right away without simplifying symbolically, but I like to get the ratio first — momentum conservation gives v' = m1/(m1+m2) times v, which is 2/3 here, independent of the actual speed value. That way I can see the structure of the answer, and it also sets me up nicely for the energy step afterward since height scales as the square of that ratio, four ninths, so I don't have to redo arithmetic from scratch. It's really just a preference for tracking the algebra symbolically before dropping in numbers — fewer chances to make a numerical slip that way.
If the ""height"" I calculated came out bigger than the original 1.8 m, that's an immediate red flag — impossible for an inelastic collision, so I'd know I mixed up energy and momentum somewhere, maybe conserved KE straight through the collision by mistake. Similarly if the ratio v'/v came out greater than 1, that violates momentum conservation with masses adding, so I'd stop right there. Basically any result that violates the ""collision must lose energy"" rule would send me back to check whether I'd applied momentum only at the collision step and energy only on the ramps, not blended them.
The classic mistake is trying to conserve kinetic energy straight through the collision, treating the whole problem as one big energy conservation from the first height to the second height. Students see ""ramp, frictionless"" everywhere and just want to write mgh equals mgh without noticing the collision sitting in the middle, which breaks that chain. The fix is really just drilling that ""stick together"" phrase as a hard stop — momentum here, energy there, never blend them across the collision line.
Same signal as before — ""embeds itself"" is just another way of saying they stick together, so momentum conservation governs that instant, full stop. The bullet and block become one object moving at some common speed right after impact, and I don't touch energy at all during that step since embedding into wood obviously dissipates a lot of energy as heat and deformation. It's only after they're moving together that I switch tools and use energy conservation for the swing upward on the string.
The 1.49 m/s check is quick: the bullet's 10 grams against a 2 kg block is a huge mass mismatch, so the combined speed should be a small fraction of 300 m/s, and 1.49 fits that scale nicely. For the angle, 22 degrees is a modest swing, which makes sense given how little energy survives that mass ratio — if I'd gotten something like 60 or 80 degrees I'd suspect I dropped a factor of the mass ratio somewhere. Both numbers just feel physically proportionate to the tiny bullet embedding in a comparatively massive block, so I trust them.
I went straight for cos θ = 1 − h/L because that's just the geometry of a pendulum rising height h on a string of length L — I already had h from energy conservation, so it's a one-line substitution. I could've instead worked with arc length or set up the angle from a trig identity involving the velocity components, but that's needlessly complicated when the vertical rise is all I actually need. Using the height-to-angle relation directly keeps the geometry and the dynamics cleanly separated, which is just tidier and less error-prone.","In A2, would it have mattered to you where on the block the bullet went in?"
G02,variant,rewritten,explicit,kinematics with ramp angle and acceleration g sin theta,A1;A2,"A1: A 2.0 kg block is released from rest at a height of 1.8 m on a frictionless ramp. At the bottom it collides with a 1.0 kg block at rest, and the two stick together. They then slide up a second frictionless ramp. How high do they rise?
A2: A 10 g bullet moving horizontally at 300 m/s embeds itself in a 2.0 kg wooden block hanging at rest from a 1.5 m string. What is the largest angle the string makes with the vertical?","Okay, block slides down, frictionless, so I get its speed at the bottom from energy.
Then they stick, so that part isn't energy, it's momentum, the collision loses energy.
Speed after is two thirds of the speed before, then energy again up the ramp.
Height scales with speed squared, so four ninths of 1.8, 0.8 metres. That's lower, which makes sense.
Bullet embeds, so again a sticking collision, momentum only for the impact.
Speed of block and bullet is about 1.49 metres per second, then it swings up, energy.
Rise is v squared over 2g, about 11 centimetres, and cos theta is one minus h over L, so around 22 degrees.
The word ""collide with... at rest, and the two stick together"" is the tell — that's a perfectly inelastic collision, so kinetic energy isn't conserved through that step, but momentum still is since there are no external horizontal impulses during the brief impact. So I switch tools right there: energy for the slide down, momentum for the collision itself, then energy again for the rise afterward.
It's a sanity check, not a proof — sticking collisions always bleed off kinetic energy, so the rise afterward must be less than the drop before, and 0.8 m is indeed less than 1.8 m. If I'd gotten something equal to or greater than 1.8 m I'd know I'd made an error, maybe forgetting to combine the masses or misapplying momentum. It's a quick consistency check, the real verification is that the algebra with the mass ratio and momentum conservation is self-consistent.","In A1 you went straight to ""four ninths of 1.8"" — could you have taken a kinematics route with the ramp angle and an acceleration of g sin theta, and why not?"
G03,variant,rewritten,subtle,effective pendulum length to the bob's centre of mass (block treated as a point mass or not),A1;A2,"A1: A 2.0 kg block is released from rest at a height of 1.8 m on a frictionless ramp. At the bottom it collides with a 1.0 kg block at rest, and the two stick together. They then slide up a second frictionless ramp. How high do they rise?
A2: A 10 g bullet moving horizontally at 300 m/s embeds itself in a 2.0 kg wooden block hanging at rest from a 1.5 m string. What is the largest angle the string makes with the vertical?","Okay, block slides down, frictionless, so I get its speed at the bottom from energy.
Then they stick, so that part isn't energy, it's momentum, the collision loses energy.
Speed after is two thirds of the speed before, then energy again up the ramp.
Height scales with speed squared, so four ninths of 1.8, 0.8 metres. That's lower, which makes sense.
Bullet embeds, so again a sticking collision, momentum only for the impact.
Speed of block and bullet is about 1.49 metres per second, then it swings up, energy.
Rise is v squared over 2g, about 11 centimetres, and cos theta is one minus h over L, so around 22 degrees.
The word ""collide with... at rest, and the two stick together"" is the tell — that's a perfectly inelastic collision, so kinetic energy isn't conserved through that step, but momentum still is since there are no external horizontal impulses during the brief impact. So I switch tools right there: energy for the slide down, momentum for the collision itself, then energy again for the rise afterward.
It's a sanity check, not a proof — sticking collisions always bleed off kinetic energy, so the rise afterward must be less than the drop before, and 0.8 m is indeed less than 1.8 m. If I'd gotten something equal to or greater than 1.8 m I'd know I'd made an error, maybe forgetting to combine the masses or misapplying momentum. It's a quick consistency check, the real verification is that the algebra with the mass ratio and momentum conservation is self-consistent.
I could have plugged in numbers explicitly — solved v from mgh, computed the momentum-conserved v', then squared that to get a new h — but that's just extra arithmetic with the same g's and factors canceling out. Since the ramp's the same shape, height and speed-squared are directly proportional, so tracking the ratio of speeds directly and squaring it saves a step and reduces chances for a numerical slip. It's the same physics, just skipping unnecessary intermediate numbers.
If the combined speed after collision had come out equal to or greater than the initial speed before sticking, I'd know something was wrong — that violates the basic fact that inelastic collisions dissipate energy. Similarly if the mass ratio factor had come out greater than one, that's a red flag, since two-thirds squared should always be less than one. Either of those would send me back to check whether I'd conserved momentum correctly or mixed up which masses go where.
The most common slip is treating the whole thing as one big energy conservation problem — using mgh from the top all the way to the final rise, ignoring that a collision happens in between. That silently assumes kinetic energy is conserved through the sticking, which it isn't, and they'd get 1.8 m back out, which is exactly the wrong-looks-right trap. Another common one is using the wrong mass in momentum conservation — forgetting that the momentum equation needs the combined mass on one side after impact, but only the moving block's mass and speed before it. Either mistake, and you don't get the tell-tale ""lower than before"" answer.
""Embeds itself in"" is basically the same tell as ""stick together"" in A1 — it's telling me the bullet and block end up moving as one object, so it's perfectly inelastic. That means I can't use energy conservation across the impact itself, only momentum, and then switch to energy for the swing afterward since the string tension does no work and there's no friction there.
Same sanity check as before, roughly — the bullet's momentum, 0.01 times 300, is 3 kg·m/s, spread over a combined mass of about 2.01 kg, so I'd expect something on the order of one and a half metres per second, and 1.49 lines up with that rough division. It's also obviously much less than the bullet's original 300 m/s, which it has to be since it's now dragging along a 2 kg block. If I'd gotten something like 15 m/s or 0.15 m/s I'd know I'd misplaced a decimal or used the wrong mass in the denominator.
I could've gone through the pendulum's actual arc length or used the tension/centripetal condition at the top, but that's way more machinery than the problem needs — I only care about the maximum swing angle, and energy conservation gets me straight from speed to height without touching the dynamics of the swing itself. Once I have h, geometry gives me cos theta = 1 - h/L directly, so there's no need to parameterize the motion in time at all. Going the ""harder"" route would just be inviting extra trig and extra chances to slip.
If the height h had come out bigger than the string length L, that's an immediate red flag — cos theta would go negative or below -1 territory, which is nonsense for a pendulum that hasn't even gone past horizontal. Similarly, if h over L gave me something forcing cos theta outside the range minus one to one, I'd know I made an arithmetic slip somewhere in the velocity or the energy step. With h around 11 centimetres and L at 1.5 metres, the ratio's small and well-behaved, so that's another quiet confirmation I'm on the right track.","On A2, in that same speed-to-height-to-angle chain, might a first-year student slip on whether the block's size matters, given where the bullet ends up inside it?"
G04,original,accepted,,,A1;A2,"A1: A 2.0 kg block is released from rest at a height of 1.8 m on a frictionless ramp. At the bottom it collides with a 1.0 kg block at rest, and the two stick together. They then slide up a second frictionless ramp. How high do they rise?
A2: A 10 g bullet moving horizontally at 300 m/s embeds itself in a 2.0 kg wooden block hanging at rest from a 1.5 m string. What is the largest angle the string makes with the vertical?","Okay, block slides down, frictionless, so I get its speed at the bottom from energy.
Then they stick, so that part isn't energy, it's momentum, the collision loses energy.
Speed after is two thirds of the speed before, then energy again up the ramp.
Height scales with speed squared, so four ninths of 1.8, 0.8 metres. That's lower, which makes sense.
Bullet embeds, so again a sticking collision, momentum only for the impact.
Speed of block and bullet is about 1.49 metres per second, then it swings up, energy.
Rise is v squared over 2g, about 11 centimetres, and cos theta is one minus h over L, so around 22 degrees.","In A1 you said ""they stick, so that part isn't energy, it's momentum"" — what in the problem told you to switch there?"
G05,variant,rewritten,subtle,centre-of-mass / moving reference frame,B1;B2,"B1: A 0.50 kg block sliding at 4.0 m/s on a frictionless surface hits and sticks to a 1.5 kg block at rest, which is attached to a horizontal spring (k = 200 N/m) whose other end is fixed to a wall. What is the maximum compression of the spring?
B2: A 2.0 kg cart moving at 3.0 m/s collides elastically with a 1.0 kg cart at rest on a frictionless track. The track ahead of the 1.0 kg cart rises over a hill 0.50 m high. Does the 1.0 kg cart make it over the hill?","Sticks to the block on the spring, so first the collision with momentum, speed one metre per second.
Then the pair compresses the spring, kinetic energy into spring energy, one joule equals a half k x squared.
x is 0.1 metres. I shouldn't use the initial kinetic energy, that's the classic trap.
Elastic, so both momentum and kinetic energy are conserved, I'll use the standard result.
Light cart leaves at 2 m1 over m1 plus m2 times v, four metres per second.
It could climb v squared over 2g, about 0.82 metres, more than 0.5, so yes it gets over.
Because it's a perfectly inelastic collision — ""sticks to"" is the giveaway — kinetic energy isn't conserved there, only momentum. So I have to treat the collision and the spring compression as two separate stages: momentum conservation to get the combined velocity right after impact, then energy conservation from that post-collision KE into spring PE. If I'd mashed those together and used the pre-collision KE, I'd overshoot the compression, which is exactly the trap I flagged out loud.
They'd take the incoming 4.0 m/s straight into a half m v squared and set that equal to the spring energy, forgetting that the collision itself already threw away most of the kinetic energy as heat and sound when it stuck. That gives a much bigger compression than the real one, because you're feeding the spring energy that never survived the collision. The tell is always that ""sticks to"" language — anytime I see that, I know energy is not conserved through that step, only momentum is.
Quick sanity check on the numbers: post-collision speed is 1 m/s with combined mass 2.0 kg, so KE is 1.0 joule, and setting that equal to a half k x squared with k = 200 gives x squared equals 0.01, so x equals 0.1 metres — clean numbers like that are usually a good sign I didn't drop a factor somewhere. I also did a rough magnitude check: a slow 1 m/s mass hitting a stiff 200 N/m spring should only compress it a few centimeters to a tenth of a meter, not something like a full meter, so 0.1 felt physically sensible. That combination of clean arithmetic and reasonable scale is what told me I hadn't fallen into the trap I'd just warned myself about.
I could've written the full energy equation with the spring force and integrated, or used SHM formulas treating it as an oscillator with amplitude x — same answer, since max compression is just the turning point where all the post-collision KE is stored as spring PE. But that's overkill for a ""maximum compression"" question; energy conservation gives it in one line, so there's no reason to drag in the equations of motion when I don't actually need the time-dependence or the force profile.
If the problem had said the blocks collided elastically instead of sticking, I'd have thrown out the ""combine masses, one shared velocity"" step entirely — elastic means both bodies bounce off with their own separate velocities, so I'd need the standard elastic collision formulas before even thinking about the spring. Also, if the spring's other end weren't fixed, or if there were friction on that surface, I couldn't just equate KE to spring PE — I'd need to bring in an energy loss term or momentum considerations for a moving wall. Basically, any hint that either conservation law doesn't cleanly apply at each stage would make me redo the whole structure, not just patch the arithmetic.
The word ""elastic"" is stated right in the problem — that's an explicit license to use both conservation laws simultaneously, not just momentum. Because I have two unknowns, the final velocities of both carts, I need two equations, and elastic collisions give me exactly that pair. Rather than solving the messy simultaneous system from scratch, I just recalled the standard derived formulas for elastic collisions with one mass initially at rest, since that's exactly this setup and it saves time without any loss of rigor.
Two checks: first, plugging into 2m₁/(m₁+m₂) times v gives 2(2.0)/(3.0) times 3.0, which is exactly 4.0 m/s — clean number, good sign. Second, a sanity bound: for a light target hit by a heavier cart, the target can end up faster than the incoming speed, even approaching twice it in the limit of a very heavy striker, so 4.0 m/s being higher than the initial 3.0 m/s but not absurdly so felt right for a 2-to-1 mass ratio. I also mentally checked energy conservation — half times 2 times 3 squared should equal half times 2 times v1-prime squared plus half times 1 times 4 squared — and it balances, so I trusted it.
I could've just written the two conservation equations from scratch — momentum m1v equals m1v1' plus m2v2', and kinetic energy likewise — and solved the simultaneous system directly, which is the safer route if I'm ever unsure whether the ""one mass starts at rest"" condition actually holds. I didn't bother here because that condition is clearly met and I've derived that standard formula enough times that pulling it from memory is faster and just as reliable. If the numbers had looked off in my check afterward, that's exactly when I'd fall back and rederive it from the raw equations rather than trust a misremembered formula.
If 0.82 had come out close to 0.5, say within a few percent, I'd have stopped and redone it more carefully rather than trust a rough eyeballed comparison — that's too close for comfort given rounding. I'd also rethink if the hill weren't frictionless, since I'm implicitly assuming all that kinetic energy converts cleanly to height with no losses on the way up. And if the geometry weren't just a height gain but had some other shape or the track curved back, the simple v²/2g height check wouldn't be enough — I'd need to think about whether the cart could even maintain contact with the track at the top.
A common slip is grabbing the pre-collision speed or the wrong mass's velocity — plugging in 3.0 m/s instead of the actual post-collision speed of the light cart, since that 4.0 m/s result feels counterintuitive if you haven't checked it. Another mistake is forgetting the hill is frictionless and just eyeballing ""3 m/s can't possibly get over 0.5 m"" without doing the calculation, or conversely tacking on some energy loss that isn't there. The fix is always the same: identify exactly which velocity survives into the energy equation for the hill, and trust the conservation law over intuition about the numbers.","You said that 4.0 m/s ""feels counterintuitive if you haven't checked it"" — would a student find it less odd if they pictured the speeds as seen by someone riding along with the pair?"
G06,variant,rewritten,explicit,coefficient of restitution,B1;B2,"B1: A 0.50 kg block sliding at 4.0 m/s on a frictionless surface hits and sticks to a 1.5 kg block at rest, which is attached to a horizontal spring (k = 200 N/m) whose other end is fixed to a wall. What is the maximum compression of the spring?
B2: A 2.0 kg cart moving at 3.0 m/s collides elastically with a 1.0 kg cart at rest on a frictionless track. The track ahead of the 1.0 kg cart rises over a hill 0.50 m high. Does the 1.0 kg cart make it over the hill?","Sticks to the block on the spring, so first the collision with momentum, speed one metre per second.
Then the pair compresses the spring, kinetic energy into spring energy, one joule equals a half k x squared.
x is 0.1 metres. I shouldn't use the initial kinetic energy, that's the classic trap.
Elastic, so both momentum and kinetic energy are conserved, I'll use the standard result.
Light cart leaves at 2 m1 over m1 plus m2 times v, four metres per second.
It could climb v squared over 2g, about 0.82 metres, more than 0.5, so yes it gets over.
Well, ""sticks to"" is the giveaway — that's perfectly inelastic, so kinetic energy isn't conserved through the collision itself, only momentum is. Once the blocks are stuck together and moving as one, then energy conservation kicks in for the spring compression phase, since that part is frictionless and nothing more is dissipated. So the physics naturally splits into two separate conservation laws for two separate stages, and mixing them up — say, trying to conserve energy across the collision — is exactly the mistake I want to avoid.
A first-year often just grabs the initial 4 m/s and plugs it straight into a half m v squared equals a half k x squared, completely skipping the collision. That treats the whole event as if kinetic energy survives the sticking, which it doesn't — some of it's lost as heat and deformation right at impact. So they'd overestimate the compression, because they're feeding in energy that was never actually available after the two blocks stuck together.
I did a quick sanity check: half of 2 kg times 1 m/s squared gives 1 joule, and setting that equal to a half times 200 times x squared gives x squared equal to 0.01, so x equals 0.1 metres. The number's clean and the magnitude feels right — a slow combined mass against a reasonably stiff spring shouldn't compress much more than a few centimetres, so 0.1 metres passed the smell test.
I could have gone through the spring's force and used equilibrium-style reasoning, or even set up the full differential equation for SHM, but that's overkill — energy conservation is just the cleanest path once I know the post-collision speed. I could also have tracked momentum through the compression, but the wall exerts an external force on the spring system, so momentum isn't conserved during that phase — only energy is, since the surface is frictionless. So really, energy conservation is the only sane route here, not just the convenient one.
If the resulting x had come out huge, like comparable to the block's own dimensions or bigger than a spring could physically compress, or if I'd gotten a negative number under the square root, that would tell me I'd mixed up a sign or units somewhere. Similarly, if the ""one metre per second"" from the collision had come out larger than the original 4 m/s, that's an immediate red flag since the struck mass can't end up faster than the incoming one in a perfectly inelastic collision. Basically any violation of those physical bounds would send me back to check whether I'd conserved the right quantity at the right stage.","Turning to B2 — you said ""I'll use the standard result."" Did you check the coefficient of restitution before relying on it?"
G07,variant,rewritten,explicit,sketching a geometry diagram (a representation),A1;A2,"A1: A 2.0 kg block is released from rest at a height of 1.8 m on a frictionless ramp. At the bottom it collides with a 1.0 kg block at rest, and the two stick together. They then slide up a second frictionless ramp. How high do they rise?
A2: A 10 g bullet moving horizontally at 300 m/s embeds itself in a 2.0 kg wooden block hanging at rest from a 1.5 m string. What is the largest angle the string makes with the vertical?","Okay, block slides down, frictionless, so I get its speed at the bottom from energy.
Then they stick, so that part isn't energy, it's momentum, the collision loses energy.
Speed after is two thirds of the speed before, then energy again up the ramp.
Height scales with speed squared, so four ninths of 1.8, 0.8 metres. That's lower, which makes sense.
Bullet embeds, so again a sticking collision, momentum only for the impact.
Speed of block and bullet is about 1.49 metres per second, then it swings up, energy.
Rise is v squared over 2g, about 11 centimetres, and cos theta is one minus h over L, so around 22 degrees.
The word ""collide"" plus ""stick together"" is the giveaway — anytime objects merge into one, kinetic energy isn't conserved because some goes into deformation or heat, but momentum still is, since there's no external horizontal force during that brief contact. So I pattern-match on that phrase and immediately switch tools: momentum for the collision itself, energy for the smooth ramp motion before and after. It's really just recognizing which physical law applies to which phase of the motion.
It's a quick sanity check, not a proof — I know a perfectly inelastic collision always dissipates energy, so the block system must rise lower than the original 1.8 metres, never equal or higher. If I'd gotten something like 1.8 or 2.5 metres, I'd know immediately I'd mixed up energy and momentum somewhere. It's really just a plausibility filter I run automatically before moving on.
The classic mistake is plugging the pre-collision speed straight into the height formula, as if energy just carries through the collision unchanged — that's forgetting the merge happened at all. Or they try to conserve kinetic energy through the sticking collision itself, setting the two KEs equal instead of the momenta, which gives a totally wrong speed. The mass ratio is also a common slip — using 2.0 over 3.0 correctly requires remembering it's momentum before over total mass after, not some energy fraction, so I always double check that the two-thirds comes from mv equalling (m+M)v', not from squaring anything.
I could've just plugged numbers all the way through instead of shortcutting — find v at bottom from mgh, get v' from momentum conservation, then set half (m+M)v'² equal to (m+M)gh' and solve for h' directly in meters per second. It's the same arithmetic, just done in stages rather than noticing that the ramp heights are proportional to velocity squared, which lets you skip straight to the ratio. I like the ratio trick because it's faster and it also doubles as that sanity check — but a student who isn't comfortable with proportional reasoning should absolutely just grind through the numbers explicitly.
If I'd found the speed after collision to be equal to or greater than the speed before, I'd know something was badly wrong — that would violate energy loss in a sticking collision, and I'd stop right there and recheck whether I'd actually used momentum conservation or accidentally conserved energy through the impact. Similarly, if the height had come out at 1.8 metres or higher, that's an immediate red flag the merge wasn't accounted for at all. Those checkpoints are non-negotiable for me before I trust the rest of the arithmetic.
It's the same signature as A1: a fast small mass merging permanently into a larger one, ""embeds"" being basically a synonym for ""sticks together."" Structurally it's identical — momentum conservation across the brief impact, then energy conservation for the smooth swing afterward. Once I see that merging language, I don't need to rethink the physics from scratch, I just recognize the same two-phase pattern and move through it.
I ran the arithmetic and checked scale: 11 centimetres out of a 1.5 metre string is a small fraction, so cos theta should be close to one, and 22 degrees is a modest swing — that all hangs together for a bullet losing most of its speed to a much heavier block. If h had come out comparable to L, or the angle near 90 degrees, I'd know I'd botched the mass ratio or dropped a square somewhere. It's the same kind of plausibility filter as before — small energy transferred, small swing, nothing exotic.
The alternative is straight geometry: theta equals arccos of (L minus h) over L, which is the same statement just written before I've simplified it — I just prefer canceling the L's first so I'm working with a clean small number like h over L instead of carrying the full length through the arccos. I could also have gone back to basics with the pendulum's vertical position, L cos theta below the pivot, and set L minus that equal to h — again identical, just more bookkeeping. I don't avoid it because it's wrong, only because it's an extra unnecessary step once you recognize the geometry.
The usual slip is using the bullet's full mass or the block's mass alone in the denominator instead of the combined mass — forgetting the bullet actually adds to what's swinging afterward. Another common one is plugging in 300 metres per second directly into the pendulum energy equation, skipping the collision step entirely, which way overestimates the swing. And occasionally someone forgets to convert the 10 grams to kilograms, which throws the ratio off by a factor of a hundred — so I always eyeball that the answer is a small fraction of 300, consistent with a tiny mass hitting something two hundred times heavier.
If the combined-mass speed had come out anywhere near 300 metres per second, or even a large fraction of it, I'd know immediately I'd forgotten to actually apply momentum conservation and just carried the bullet's speed through untouched. Similarly, if the swing height had come out comparable to or exceeding the string length — or the angle near 90 degrees — that's a red flag for a bullet-block mass ratio this lopsided. Those are the checkpoints where I'd stop and recheck the mass values and the conservation law before trusting anything downstream.
Because after the collision it's just one object moving through a smooth swing — no more merging, no more sudden mass change, just the string constraining it and gravity acting on it. There's nothing dissipative happening during that swing itself, so kinetic energy converting to gravitational potential is exactly conserved. That's the tell: momentum is for the instant of impact, energy is for the continuous motion before and after it.
If the problem had mentioned friction at the pivot, air resistance, or some braking force acting during the swing, I couldn't just conserve energy anymore — I'd need to account for work done against those forces too. Or if it said the string stretched or the block deformed further as it rose, that's another dissipative signature. Since none of that's mentioned here, plain energy conservation for the swing is the safe, intended reading.
I just noticed both the ramp-down and ramp-up phases are pure energy conversions of the form v² = 2gh, so any constant factor relating the two speeds carries straight through as its square into the heights — I didn't need the actual velocity numbers at all. Once I saw the two-thirds factor from momentum, squaring it to four-ninths and applying it to 1.8 metres was just quicker than carrying units through v equals root two g h twice. It's the same habit as the sanity check: recognizing the algebraic structure lets you skip arithmetic you don't actually need.","On A2, at the geometry step ""cos theta is one minus h over L"" — would a first-year student go wrong by not sketching a diagram of the triangle formed by the string?"
G08,original,accepted,,,B1;B2,"B1: A 0.50 kg block sliding at 4.0 m/s on a frictionless surface hits and sticks to a 1.5 kg block at rest, which is attached to a horizontal spring (k = 200 N/m) whose other end is fixed to a wall. What is the maximum compression of the spring?
B2: A 2.0 kg cart moving at 3.0 m/s collides elastically with a 1.0 kg cart at rest on a frictionless track. The track ahead of the 1.0 kg cart rises over a hill 0.50 m high. Does the 1.0 kg cart make it over the hill?","Sticks to the block on the spring, so first the collision with momentum, speed one metre per second.
Then the pair compresses the spring, kinetic energy into spring energy, one joule equals a half k x squared.
x is 0.1 metres. I shouldn't use the initial kinetic energy, that's the classic trap.
Elastic, so both momentum and kinetic energy are conserved, I'll use the standard result.
Light cart leaves at 2 m1 over m1 plus m2 times v, four metres per second.
It could climb v squared over 2g, about 0.82 metres, more than 0.5, so yes it gets over.
The word ""sticks"" is the giveaway—that's perfectly inelastic, so I know energy isn't conserved in the collision itself and I have to handle it in two separate stages. If I'd tried to lump the initial kinetic energy straight into the spring equation, I'd be ignoring that energy loss, which is exactly the trap I flagged. So structurally, momentum conservation for the collision has to come first, and only after I have the post-collision velocity do I switch to energy conservation for the spring compression.
I checked it two ways: dimensionally and by ballpark. Half times 200 times 0.01 gives exactly 1 joule, matching the kinetic energy I computed from the 1 m/s combined velocity, so the arithmetic closes cleanly. I also sanity-checked the size—10 centimeters of compression for a spring that stiff with only 1 joule of energy feels physically reasonable, not absurdly large or small. That agreement between the algebra and my intuition is what told me I hadn't fallen into the trap of using the wrong energy.
The problem explicitly says ""collides elastically,"" so that's a direct flag—no need to derive from scratch. For a 1D elastic collision I know the final velocities reduce to standard formulas in terms of the mass ratio, so I just recalled that result rather than re-deriving momentum and energy equations simultaneously. It's a pattern-matched shortcut: ""elastic collision, one mass initially at rest"" immediately calls up that formula in my memory.
I just converted the kinetic energy after collision into gravitational potential energy—no friction, so all of it goes into height, and that's the standard formula for how high something climbs with a given launch speed. Sixteen over ten is 1.6, divide by two is 0.8, so 0.82 meters felt right by mental math. And it's comfortably bigger than the half-meter hill, so the conclusion is robust even if I'm off by a little in the arithmetic.
I could have gone through Newton's second law with the spring force and tried to integrate the motion to find where velocity hits zero, but that's solving a differential equation for what's really just an energy bookkeeping question—way more work than necessary. Energy conservation directly gives me the turning point because maximum compression is exactly where all the kinetic energy has converted to spring potential energy, velocity zero. There's no reason to track the full time-dependent motion when I only need that one special point.
They'd take the 0.5 times 0.5 times 4 squared, four joules from before the collision, plug that straight into the spring equation, and get a compression around 0.2 meters instead of 0.1. The mistake is forgetting that the collision itself eats up energy—sticking together is lossy—so you have to compute the post-collision kinetic energy with the combined mass and the slower 1 m/s speed, not the block's original speed. It's a natural error because the number ""4 m/s"" is the most salient one in the problem statement, so students grab it without pausing to ask whether it survives the collision intact.
I could have set up the two equations directly—momentum conservation and kinetic energy conservation—and solved them simultaneously as a system for the two unknown final velocities. That's the honest derivation, but it's algebraically messier, involving a quadratic, when I already have the formula memorized cold from having derived it many times before. There's no pedagogical or accuracy benefit to re-deriving it here; I'd only do that from scratch if I were teaching the derivation itself or if I mistrusted my memory of the formula.
If the compression had come out feeling too big—like several tens of centimeters—or if the energy numbers didn't reconcile cleanly, say the half k x squared didn't match the joule I got from the collision, I'd have stopped and gone back. Also, if I'd found myself wanting to plug in 4 m/s anywhere in the spring stage, that's a red flag telling me I've slipped back into the trap and lost track of the two-stage structure. Basically, any mismatch between the algebra and my intuition about scale would send me back to check whether I'd properly separated the lossy collision from the lossless spring compression.
If the height had come out close to 0.5 meters, or below it, I'd have gone back to check my arithmetic and my recollection of the elastic collision formula before trusting the answer—a near-tie is exactly where a small slip matters. I'd also pause if the mass ratio had been different enough that the light cart's velocity looked implausible, since the whole answer hinges on that 4 m/s being right. Here the margin was comfortable, 0.82 against 0.5, so I didn't feel the need to double back, but that comfort margin is precisely what I'm checking for before I commit to an answer.","In B2, where you wrote the light cart leaves at ""four metres per second"" — what would a first-year student most likely get wrong at that step?"
G09,variant,rewritten,subtle,bullet's trajectory dropping under gravity before impact,A1;A2,"A1: A 2.0 kg block is released from rest at a height of 1.8 m on a frictionless ramp. At the bottom it collides with a 1.0 kg block at rest, and the two stick together. They then slide up a second frictionless ramp. How high do they rise?
A2: A 10 g bullet moving horizontally at 300 m/s embeds itself in a 2.0 kg wooden block hanging at rest from a 1.5 m string. What is the largest angle the string makes with the vertical?","Okay, block slides down, frictionless, so I get its speed at the bottom from energy.
Then they stick, so that part isn't energy, it's momentum, the collision loses energy.
Speed after is two thirds of the speed before, then energy again up the ramp.
Height scales with speed squared, so four ninths of 1.8, 0.8 metres. That's lower, which makes sense.
Bullet embeds, so again a sticking collision, momentum only for the impact.
Speed of block and bullet is about 1.49 metres per second, then it swings up, energy.
Rise is v squared over 2g, about 11 centimetres, and cos theta is one minus h over L, so around 22 degrees.
The word ""stick together"" — that's the giveaway. Any time objects collide and merge into one, you know kinetic energy isn't conserved because some gets converted to heat and deformation, so momentum has to be the tool, not energy. If they'd bounced apart elastically, I might've checked energy conservation too, but ""stick"" is basically a red flag telling me to switch mental modes right there.
It's a sanity check, not a proof — I know a perfectly inelastic collision always bleeds off kinetic energy, so the block-pair simply can't rise back to the original 1.8 m. Getting 0.8 m, which is comfortably less than 1.8, is consistent with that expectation, whereas if I'd gotten something like 1.5 or 2.0 m I'd immediately suspect an algebra slip. It's a quick physical plausibility filter I run on every answer before moving on.
I could've plugged numbers in right away without simplifying symbolically, but I like to get the ratio first — momentum conservation gives v' = m1/(m1+m2) times v, which is 2/3 here, independent of the actual speed value. That way I can see the structure of the answer, and it also sets me up nicely for the energy step afterward since height scales as the square of that ratio, four ninths, so I don't have to redo arithmetic from scratch. It's really just a preference for tracking the algebra symbolically before dropping in numbers — fewer chances to make a numerical slip that way.
If the ""height"" I calculated came out bigger than the original 1.8 m, that's an immediate red flag — impossible for an inelastic collision, so I'd know I mixed up energy and momentum somewhere, maybe conserved KE straight through the collision by mistake. Similarly if the ratio v'/v came out greater than 1, that violates momentum conservation with masses adding, so I'd stop right there. Basically any result that violates the ""collision must lose energy"" rule would send me back to check whether I'd applied momentum only at the collision step and energy only on the ramps, not blended them.
The classic mistake is trying to conserve kinetic energy straight through the collision, treating the whole problem as one big energy conservation from the first height to the second height. Students see ""ramp, frictionless"" everywhere and just want to write mgh equals mgh without noticing the collision sitting in the middle, which breaks that chain. The fix is really just drilling that ""stick together"" phrase as a hard stop — momentum here, energy there, never blend them across the collision line.
Same signal as before — ""embeds itself"" is just another way of saying they stick together, so momentum conservation governs that instant, full stop. The bullet and block become one object moving at some common speed right after impact, and I don't touch energy at all during that step since embedding into wood obviously dissipates a lot of energy as heat and deformation. It's only after they're moving together that I switch tools and use energy conservation for the swing upward on the string.
The 1.49 m/s check is quick: the bullet's 10 grams against a 2 kg block is a huge mass mismatch, so the combined speed should be a small fraction of 300 m/s, and 1.49 fits that scale nicely. For the angle, 22 degrees is a modest swing, which makes sense given how little energy survives that mass ratio — if I'd gotten something like 60 or 80 degrees I'd suspect I dropped a factor of the mass ratio somewhere. Both numbers just feel physically proportionate to the tiny bullet embedding in a comparatively massive block, so I trust them.
I went straight for cos θ = 1 − h/L because that's just the geometry of a pendulum rising height h on a string of length L — I already had h from energy conservation, so it's a one-line substitution. I could've instead worked with arc length or set up the angle from a trig identity involving the velocity components, but that's needlessly complicated when the vertical rise is all I actually need. Using the height-to-angle relation directly keeps the geometry and the dynamics cleanly separated, which is just tidier and less error-prone.
If h had come out bigger than L itself, that's an instant stop — you can't rise higher than the string length, so cos θ would be negative in a way that doesn't make sense for this setup. Likewise if the combined velocity had come out comparable to the bullet's original 300 m/s, that would tell me I forgot to divide by the huge combined mass, since momentum sharing with something 200 times heavier should crush the speed way down. Either signal would send me back to check whether I'd actually used the post-collision mass in the energy step, or slipped and reused the bullet's original speed somewhere.","Last one — in A2, might a first-year student slip because the bullet isn't quite level by the time it reaches the block?"
G10,variant,rewritten,subtle,force-displacement graph / area under F-x (average spring force times compression),B1;B2,"B1: A 0.50 kg block sliding at 4.0 m/s on a frictionless surface hits and sticks to a 1.5 kg block at rest, which is attached to a horizontal spring (k = 200 N/m) whose other end is fixed to a wall. What is the maximum compression of the spring?
B2: A 2.0 kg cart moving at 3.0 m/s collides elastically with a 1.0 kg cart at rest on a frictionless track. The track ahead of the 1.0 kg cart rises over a hill 0.50 m high. Does the 1.0 kg cart make it over the hill?","Sticks to the block on the spring, so first the collision with momentum, speed one metre per second.
Then the pair compresses the spring, kinetic energy into spring energy, one joule equals a half k x squared.
x is 0.1 metres. I shouldn't use the initial kinetic energy, that's the classic trap.
Elastic, so both momentum and kinetic energy are conserved, I'll use the standard result.
Light cart leaves at 2 m1 over m1 plus m2 times v, four metres per second.
It could climb v squared over 2g, about 0.82 metres, more than 0.5, so yes it gets over.
Well, ""sticks to"" is the giveaway — that's perfectly inelastic, so kinetic energy isn't conserved through the collision itself, only momentum is. Once the blocks are stuck together and moving as one, then energy conservation kicks in for the spring compression phase, since that part is frictionless and nothing more is dissipated. So the physics naturally splits into two separate conservation laws for two separate stages, and mixing them up — say, trying to conserve energy across the collision — is exactly the mistake I want to avoid.
A first-year often just grabs the initial 4 m/s and plugs it straight into a half m v squared equals a half k x squared, completely skipping the collision. That treats the whole event as if kinetic energy survives the sticking, which it doesn't — some of it's lost as heat and deformation right at impact. So they'd overestimate the compression, because they're feeding in energy that was never actually available after the two blocks stuck together.
I did a quick sanity check: half of 2 kg times 1 m/s squared gives 1 joule, and setting that equal to a half times 200 times x squared gives x squared equal to 0.01, so x equals 0.1 metres. The number's clean and the magnitude feels right — a slow combined mass against a reasonably stiff spring shouldn't compress much more than a few centimetres, so 0.1 metres passed the smell test.","Still on B1 — at ""one joule equals a half k x squared"", was there anything about how the push from the spring builds up as it compresses that offered another route?"
G11,original,accepted,,,A1;A2,"A1: A 2.0 kg block is released from rest at a height of 1.8 m on a frictionless ramp. At the bottom it collides with a 1.0 kg block at rest, and the two stick together. They then slide up a second frictionless ramp. How high do they rise?
A2: A 10 g bullet moving horizontally at 300 m/s embeds itself in a 2.0 kg wooden block hanging at rest from a 1.5 m string. What is the largest angle the string makes with the vertical?","Okay, block slides down, frictionless, so I get its speed at the bottom from energy.
Then they stick, so that part isn't energy, it's momentum, the collision loses energy.
Speed after is two thirds of the speed before, then energy again up the ramp.
Height scales with speed squared, so four ninths of 1.8, 0.8 metres. That's lower, which makes sense.
Bullet embeds, so again a sticking collision, momentum only for the impact.
Speed of block and bullet is about 1.49 metres per second, then it swings up, energy.
Rise is v squared over 2g, about 11 centimetres, and cos theta is one minus h over L, so around 22 degrees.
The word ""collide"" plus ""stick together"" is the giveaway — anytime objects merge into one, kinetic energy isn't conserved because some goes into deformation or heat, but momentum still is, since there's no external horizontal force during that brief contact. So I pattern-match on that phrase and immediately switch tools: momentum for the collision itself, energy for the smooth ramp motion before and after. It's really just recognizing which physical law applies to which phase of the motion.
It's a quick sanity check, not a proof — I know a perfectly inelastic collision always dissipates energy, so the block system must rise lower than the original 1.8 metres, never equal or higher. If I'd gotten something like 1.8 or 2.5 metres, I'd know immediately I'd mixed up energy and momentum somewhere. It's really just a plausibility filter I run automatically before moving on.
The classic mistake is plugging the pre-collision speed straight into the height formula, as if energy just carries through the collision unchanged — that's forgetting the merge happened at all. Or they try to conserve kinetic energy through the sticking collision itself, setting the two KEs equal instead of the momenta, which gives a totally wrong speed. The mass ratio is also a common slip — using 2.0 over 3.0 correctly requires remembering it's momentum before over total mass after, not some energy fraction, so I always double check that the two-thirds comes from mv equalling (m+M)v', not from squaring anything.
I could've just plugged numbers all the way through instead of shortcutting — find v at bottom from mgh, get v' from momentum conservation, then set half (m+M)v'² equal to (m+M)gh' and solve for h' directly in meters per second. It's the same arithmetic, just done in stages rather than noticing that the ramp heights are proportional to velocity squared, which lets you skip straight to the ratio. I like the ratio trick because it's faster and it also doubles as that sanity check — but a student who isn't comfortable with proportional reasoning should absolutely just grind through the numbers explicitly.
If I'd found the speed after collision to be equal to or greater than the speed before, I'd know something was badly wrong — that would violate energy loss in a sticking collision, and I'd stop right there and recheck whether I'd actually used momentum conservation or accidentally conserved energy through the impact. Similarly, if the height had come out at 1.8 metres or higher, that's an immediate red flag the merge wasn't accounted for at all. Those checkpoints are non-negotiable for me before I trust the rest of the arithmetic.
It's the same signature as A1: a fast small mass merging permanently into a larger one, ""embeds"" being basically a synonym for ""sticks together."" Structurally it's identical — momentum conservation across the brief impact, then energy conservation for the smooth swing afterward. Once I see that merging language, I don't need to rethink the physics from scratch, I just recognize the same two-phase pattern and move through it.
I ran the arithmetic and checked scale: 11 centimetres out of a 1.5 metre string is a small fraction, so cos theta should be close to one, and 22 degrees is a modest swing — that all hangs together for a bullet losing most of its speed to a much heavier block. If h had come out comparable to L, or the angle near 90 degrees, I'd know I'd botched the mass ratio or dropped a square somewhere. It's the same kind of plausibility filter as before — small energy transferred, small swing, nothing exotic.","On A2, at ""cos theta is one minus h over L"" — what other way could you have gotten the angle there, and why not that one?"
G12,original,accepted,,,B1;B2,"B1: A 0.50 kg block sliding at 4.0 m/s on a frictionless surface hits and sticks to a 1.5 kg block at rest, which is attached to a horizontal spring (k = 200 N/m) whose other end is fixed to a wall. What is the maximum compression of the spring?
B2: A 2.0 kg cart moving at 3.0 m/s collides elastically with a 1.0 kg cart at rest on a frictionless track. The track ahead of the 1.0 kg cart rises over a hill 0.50 m high. Does the 1.0 kg cart make it over the hill?","Sticks to the block on the spring, so first the collision with momentum, speed one metre per second.
Then the pair compresses the spring, kinetic energy into spring energy, one joule equals a half k x squared.
x is 0.1 metres. I shouldn't use the initial kinetic energy, that's the classic trap.
Elastic, so both momentum and kinetic energy are conserved, I'll use the standard result.
Light cart leaves at 2 m1 over m1 plus m2 times v, four metres per second.
It could climb v squared over 2g, about 0.82 metres, more than 0.5, so yes it gets over.
The word ""sticks"" is the giveaway—that's perfectly inelastic, so I know energy isn't conserved in the collision itself and I have to handle it in two separate stages. If I'd tried to lump the initial kinetic energy straight into the spring equation, I'd be ignoring that energy loss, which is exactly the trap I flagged. So structurally, momentum conservation for the collision has to come first, and only after I have the post-collision velocity do I switch to energy conservation for the spring compression.
I checked it two ways: dimensionally and by ballpark. Half times 200 times 0.01 gives exactly 1 joule, matching the kinetic energy I computed from the 1 m/s combined velocity, so the arithmetic closes cleanly. I also sanity-checked the size—10 centimeters of compression for a spring that stiff with only 1 joule of energy feels physically reasonable, not absurdly large or small. That agreement between the algebra and my intuition is what told me I hadn't fallen into the trap of using the wrong energy.
The problem explicitly says ""collides elastically,"" so that's a direct flag—no need to derive from scratch. For a 1D elastic collision I know the final velocities reduce to standard formulas in terms of the mass ratio, so I just recalled that result rather than re-deriving momentum and energy equations simultaneously. It's a pattern-matched shortcut: ""elastic collision, one mass initially at rest"" immediately calls up that formula in my memory.
I just converted the kinetic energy after collision into gravitational potential energy—no friction, so all of it goes into height, and that's the standard formula for how high something climbs with a given launch speed. Sixteen over ten is 1.6, divide by two is 0.8, so 0.82 meters felt right by mental math. And it's comfortably bigger than the half-meter hill, so the conclusion is robust even if I'm off by a little in the arithmetic.
I could have gone through Newton's second law with the spring force and tried to integrate the motion to find where velocity hits zero, but that's solving a differential equation for what's really just an energy bookkeeping question—way more work than necessary. Energy conservation directly gives me the turning point because maximum compression is exactly where all the kinetic energy has converted to spring potential energy, velocity zero. There's no reason to track the full time-dependent motion when I only need that one special point.","In B1 you called using the initial kinetic energy ""the classic trap"" — what would a first-year student most likely get wrong at that step?"
G13,original,accepted,,,A1;A2,"A1: A 2.0 kg block is released from rest at a height of 1.8 m on a frictionless ramp. At the bottom it collides with a 1.0 kg block at rest, and the two stick together. They then slide up a second frictionless ramp. How high do they rise?
A2: A 10 g bullet moving horizontally at 300 m/s embeds itself in a 2.0 kg wooden block hanging at rest from a 1.5 m string. What is the largest angle the string makes with the vertical?","Okay, block slides down, frictionless, so I get its speed at the bottom from energy.
Then they stick, so that part isn't energy, it's momentum, the collision loses energy.
Speed after is two thirds of the speed before, then energy again up the ramp.
Height scales with speed squared, so four ninths of 1.8, 0.8 metres. That's lower, which makes sense.
Bullet embeds, so again a sticking collision, momentum only for the impact.
Speed of block and bullet is about 1.49 metres per second, then it swings up, energy.
Rise is v squared over 2g, about 11 centimetres, and cos theta is one minus h over L, so around 22 degrees.
The word ""stick"" is the tip-off — anytime objects collide and stay together, kinetic energy isn't conserved, so I can't use energy conservation across that step. But momentum is always conserved in a collision regardless of what happens to energy, so that's the tool for the impact itself. I just bracket the collision separately: energy going in, momentum through the crash, energy coming back out.
It's a quick sanity check, not a proof — a sticking collision always dissipates energy, so the block-plus-block system must rise lower than the original 1.8 m drop. If I'd gotten something equal to or higher than 1.8 m, I'd know I'd made an error, maybe mixed up the mass ratio or squared something I shouldn't have. Getting 0.8 m, comfortably less than 1.8, told me the physics was pointing the right direction, so I moved on.
I could have plugged straight into the height formula symbolically without ever naming that two-thirds ratio explicitly — just carried m1 v1 = (m1+m2) v2 through algebraically and let the numbers fall out at the end. I like pausing on that ratio though, because it's a clean, portable number: two-thirds speed means four-ninths energy, and I can immediately sanity-check that against the mass ratio being 2-to-3 before the collision. It also gives me something to double check independently if the final answer looks off.
If the ramps weren't frictionless, or if the problem said the second ramp had some incline that mattered beyond height, I couldn't just use plain energy conservation for the sliding parts — I'd need to bring in work done against friction. Also, if the blocks bounced apart instead of sticking, I'd need a coefficient of restitution or two equations instead of just lumping them into one combined mass. Either of those would've told me my clean ""energy-momentum-energy"" bracketing wasn't sufficient anymore.
The classic mistake is trying to use energy conservation straight through the collision — treating the whole problem as one continuous energy story instead of stopping to swap tools. A student will often set (1/2)(2)(v1)^2 equal to (1/2)(3)(v2)^2 across the crash itself, which quietly assumes no energy is lost, and that's exactly false when things stick. The fix is just discipline: energy down, momentum through the collision, energy up, and don't let any single equation try to span the collision.
The word ""embeds"" is the giveaway, same as ""stick"" in A1 — the bullet doesn't bounce off, it lodges in the wood, so kinetic energy is definitely lost right there. That means momentum conservation for the impact, using the combined bullet-plus-block mass afterward, and then switching to energy conservation for the swing up. The string and pendulum motion afterward is a separate physical regime, so I treat it as its own energy problem once I have that post-collision speed.
I just eyeballed the orders of magnitude — a bullet in a two-kilogram block should only give you a slow crawl, so 1.5 m/s felt right compared to the 300 m/s going in, that's the mass ratio doing its job. From there, v squared over 2g for something that slow gives you a small rise, a handful of centimeters, not meters, which matches a pendulum that barely swings. And 22 degrees off a 1.5 m string with an 11 cm rise is geometrically modest — nowhere near 90, so nothing jumped out as absurd.
Honestly, I could've gone straight for the angle formula symbolically, folding the mass ratio and the string length all into one expression before plugging in numbers — some people prefer that, it's more elegant on paper. But I like breaking it into visible checkpoints: post-collision speed, then rise height, then angle, because each intermediate number is something I can sanity-check on its own physical grounds, like I just did. If I chain it all into one big formula, I lose those natural stopping points and a mistake anywhere just shows up as one wrong final number with no clue where it came from.
If the bullet had passed through the block instead of embedding, or if I were told the block was already moving, I couldn't just use the simple stuck-together momentum equation — I'd need exit velocity data or relative velocities instead. Also if the string went slack or the angle came out implying the bullet-block combo needed to go over the top, I'd have to check whether it's really pendulum motion versus something closer to circular motion requiring tension conditions. Neither showed up here, so the straightforward momentum-then-energy bracket held up fine.
Students often mix up the geometry there — they forget that h is measured from the lowest point of the swing, not from the pivot, so they'll write cos theta equals h over L instead of one minus h over L. It's an easy slip because you're staring at a triangle with the string as the hypotenuse, and it's tempting to just drop the height straight in without drawing the vertical drop from the pivot down to the bob's raised position. I always tell them: sketch the pendulum at the top of its swing, mark the vertical distance from the lowest point up to the bob, and the L minus L cos theta falls right out of the picture.
Oh, plenty — students will sometimes use sin theta instead of cos theta because they're grabbing the horizontal displacement instead of the vertical one, since that's the more ""obvious"" leg of the triangle from the picture. Others forget the L altogether and just write h equals cos theta, dropping units and losing the string length entirely. And I've seen folks set up the triangle correctly but then solve for theta using the wrong inverse trig function on their calculator, forgetting it's in degrees versus radians — a totally separate error riding along on top of the geometry one. That's why I always have them label all three sides of the triangle explicitly before touching a calculator.
I recognized that in energy conservation, mgh equals a half m v squared, so the mass cancels and h is just proportional to v squared — no need to grind through an intermediate speed value in meters per second. Since I already had the clean ratio of two-thirds for the speeds, squaring that to four-ninths and applying it directly to the 1.8 m was faster and less error-prone than computing an actual velocity, converting to energy, then back to height. It's really just skipping a round-trip through units I didn't need.
Whenever the same proportional relationship — here, height going into speed and speed coming back out as height — sits on both ends of a step, that's the signal. The mgh-to-half-mv-squared conversion is symmetric, so if I never actually need a velocity in meters per second for its own sake, just as a stepping stone, I can work entirely in ratios and let the units cancel out. The tell is asking myself ""do I need this intermediate quantity for anything else, or is it purely a bridge?"" — here it was purely a bridge, so I skipped minting it as an actual number.
I just ran the momentum ratio: 0.01 kilograms times 300 over the combined 2.01 kilograms — the bullet's mass is so much smaller than the block's that I expected something on the order of a meter or two per second, not tens. Doing the division gave 1.49, which sat right in that expected range, so I didn't second-guess it. It's the same instinct as A1 — check the answer against the mass ratio before moving on.
I could've gone the pendulum-arc route, working directly with the angle and energy in terms of theta from the start, but that just buries the same v-squared-over-2g relationship inside a trig expression before I need it. Going straight to height first keeps it as a plain projectile-style energy conversion — kinetic energy at the bottom becomes potential energy at the top of the swing, full stop — and I get a concrete number in meters I can sanity-check before I ever touch cosine. Only after I have that clean height do I bring in the geometry to convert it into an angle, so I'm not solving two unknowns at once.
I'd catch it two ways: first, checking the momentum arithmetic itself — 2 kg times v equals 3 kg times v-prime, so v-prime over v really has to be two-thirds, and I can just redo that division in my head as a check. Second, and more reliably, that final height sanity check — if I'd botched the ratio, say wrote three-quarters instead, I'd get something like 1.0 m, still under 1.8, so it wouldn't scream ""wrong"" the way an answer over 1.8 would. That's actually a weak spot in my compressed work — the direction check catches gross errors but not a subtly wrong fraction, so for something this quick I'd want to also verify the two-thirds by plugging back into the original momentum equation before trusting it.
I think it comes down to how much a wrong answer would still ""look plausible"" — if an error would produce something obviously absurd, like a height greater than 1.8 m, I trust the quick sanity check and move on. But when a slip could hide inside a still-reasonable-looking number, like getting three-quarters instead of two-thirds and still landing under 1.8 m, that's when I know the direction check alone isn't enough and I need to actually verify the arithmetic that produced the ratio. So really I'm asking myself, ""if this were wrong, would I even notice?"" — and if the honest answer is no, that's the step that needs the extra plug-back-in check, especially in compressed work where I've skipped writing out intermediate numbers.","On A1's shortcut — taking ""four ninths of 1.8"" instead of computing a speed — where would a first-year student most likely go wrong trying that?"
G14,variant,rewritten,explicit,angular momentum about the pivot,A1;A2,"A1: A 2.0 kg block is released from rest at a height of 1.8 m on a frictionless ramp. At the bottom it collides with a 1.0 kg block at rest, and the two stick together. They then slide up a second frictionless ramp. How high do they rise?
A2: A 10 g bullet moving horizontally at 300 m/s embeds itself in a 2.0 kg wooden block hanging at rest from a 1.5 m string. What is the largest angle the string makes with the vertical?","Okay, block slides down, frictionless, so I get its speed at the bottom from energy.
Then they stick, so that part isn't energy, it's momentum, the collision loses energy.
Speed after is two thirds of the speed before, then energy again up the ramp.
Height scales with speed squared, so four ninths of 1.8, 0.8 metres. That's lower, which makes sense.
Bullet embeds, so again a sticking collision, momentum only for the impact.
Speed of block and bullet is about 1.49 metres per second, then it swings up, energy.
Rise is v squared over 2g, about 11 centimetres, and cos theta is one minus h over L, so around 22 degrees.
The word ""collide with... at rest, and the two stick together"" is the tell — that's a perfectly inelastic collision, so kinetic energy isn't conserved through that step, but momentum still is since there are no external horizontal impulses during the brief impact. So I switch tools right there: energy for the slide down, momentum for the collision itself, then energy again for the rise afterward.
It's a sanity check, not a proof — sticking collisions always bleed off kinetic energy, so the rise afterward must be less than the drop before, and 0.8 m is indeed less than 1.8 m. If I'd gotten something equal to or greater than 1.8 m I'd know I'd made an error, maybe forgetting to combine the masses or misapplying momentum. It's a quick consistency check, the real verification is that the algebra with the mass ratio and momentum conservation is self-consistent.
I could have plugged in numbers explicitly — solved v from mgh, computed the momentum-conserved v', then squared that to get a new h — but that's just extra arithmetic with the same g's and factors canceling out. Since the ramp's the same shape, height and speed-squared are directly proportional, so tracking the ratio of speeds directly and squaring it saves a step and reduces chances for a numerical slip. It's the same physics, just skipping unnecessary intermediate numbers.
If the combined speed after collision had come out equal to or greater than the initial speed before sticking, I'd know something was wrong — that violates the basic fact that inelastic collisions dissipate energy. Similarly if the mass ratio factor had come out greater than one, that's a red flag, since two-thirds squared should always be less than one. Either of those would send me back to check whether I'd conserved momentum correctly or mixed up which masses go where.
The most common slip is treating the whole thing as one big energy conservation problem — using mgh from the top all the way to the final rise, ignoring that a collision happens in between. That silently assumes kinetic energy is conserved through the sticking, which it isn't, and they'd get 1.8 m back out, which is exactly the wrong-looks-right trap. Another common one is using the wrong mass in momentum conservation — forgetting that the momentum equation needs the combined mass on one side after impact, but only the moving block's mass and speed before it. Either mistake, and you don't get the tell-tale ""lower than before"" answer.","Moving to A2 — you said ""momentum only for the impact."" Did you consider using angular momentum about the pivot instead of linear momentum for the impact?"
G15,original,accepted,,,B1;B2,"B1: A 0.50 kg block sliding at 4.0 m/s on a frictionless surface hits and sticks to a 1.5 kg block at rest, which is attached to a horizontal spring (k = 200 N/m) whose other end is fixed to a wall. What is the maximum compression of the spring?
B2: A 2.0 kg cart moving at 3.0 m/s collides elastically with a 1.0 kg cart at rest on a frictionless track. The track ahead of the 1.0 kg cart rises over a hill 0.50 m high. Does the 1.0 kg cart make it over the hill?","Sticks to the block on the spring, so first the collision with momentum, speed one metre per second.
Then the pair compresses the spring, kinetic energy into spring energy, one joule equals a half k x squared.
x is 0.1 metres. I shouldn't use the initial kinetic energy, that's the classic trap.
Elastic, so both momentum and kinetic energy are conserved, I'll use the standard result.
Light cart leaves at 2 m1 over m1 plus m2 times v, four metres per second.
It could climb v squared over 2g, about 0.82 metres, more than 0.5, so yes it gets over.
The word ""sticks"" is the giveaway — that's a perfectly inelastic collision, so momentum conservation applies but kinetic energy isn't conserved during the collision itself. I know that energy gets conserved only after the collision, once the combined blocks compress the spring. So I have to do it in two stages: momentum first to get the shared velocity, then energy conservation from that point into the spring. Jumping straight to energy with the initial speed would ignore the energy lost when the blocks stick together.
A first-year often forgets that ""sticks together"" means kinetic energy is lost right there in the collision, so they'll take the block's original 4.0 m/s, plug it straight into a half m v squared equals a half k x squared, and get a compression that's way too large. They skip computing the post-collision velocity entirely and treat the whole system as if all the initial kinetic energy is available to compress the spring, which ignores the energy dissipated in the perfectly inelastic collision. It's a natural mistake because the numbers are right there and the two-step structure isn't obvious unless you've internalized that sticking equals an energy loss.","Still on B1: after you got x = 0.1 metres, how did you satisfy yourself that was the right answer?"
G16,variant,rewritten,subtle,"the wall's external force on the system during the collision, which could break momentum conservation",B1;B2,"B1: A 0.50 kg block sliding at 4.0 m/s on a frictionless surface hits and sticks to a 1.5 kg block at rest, which is attached to a horizontal spring (k = 200 N/m) whose other end is fixed to a wall. What is the maximum compression of the spring?
B2: A 2.0 kg cart moving at 3.0 m/s collides elastically with a 1.0 kg cart at rest on a frictionless track. The track ahead of the 1.0 kg cart rises over a hill 0.50 m high. Does the 1.0 kg cart make it over the hill?","Sticks to the block on the spring, so first the collision with momentum, speed one metre per second.
Then the pair compresses the spring, kinetic energy into spring energy, one joule equals a half k x squared.
x is 0.1 metres. I shouldn't use the initial kinetic energy, that's the classic trap.
Elastic, so both momentum and kinetic energy are conserved, I'll use the standard result.
Light cart leaves at 2 m1 over m1 plus m2 times v, four metres per second.
It could climb v squared over 2g, about 0.82 metres, more than 0.5, so yes it gets over.
The word ""sticks"" is the giveaway — that's a perfectly inelastic collision, so momentum conservation applies but kinetic energy isn't conserved during the collision itself. I know that energy gets conserved only after the collision, once the combined blocks compress the spring. So I have to do it in two stages: momentum first to get the shared velocity, then energy conservation from that point into the spring. Jumping straight to energy with the initial speed would ignore the energy lost when the blocks stick together.
A first-year often forgets that ""sticks together"" means kinetic energy is lost right there in the collision, so they'll take the block's original 4.0 m/s, plug it straight into a half m v squared equals a half k x squared, and get a compression that's way too large. They skip computing the post-collision velocity entirely and treat the whole system as if all the initial kinetic energy is available to compress the spring, which ignores the energy dissipated in the perfectly inelastic collision. It's a natural mistake because the numbers are right there and the two-step structure isn't obvious unless you've internalized that sticking equals an energy loss.
Quick sanity check on units and magnitude: k is 200 N/m, so a 0.1 m compression stores half times 200 times 0.01, which is 1 joule — that matches the kinetic energy I got from the 2 kg mass moving at 1 m/s after the collision, so the energy books balance. I also checked that 0.1 m is physically reasonable for a spring like this, not absurdly large or vanishingly small, so it passes the smell test.
The word ""elastic"" is the trigger — that's my cue that both momentum and kinetic energy conservation hold simultaneously, which is exactly the condition that lets you derive those closed-form velocity formulas for a two-body collision. Rather than re-deriving them from scratch every time, I recognize the setup — one cart at rest, elastic collision, unequal masses — as matching the standard textbook derivation, so I just recall the result for v1' and v2' in terms of the mass ratio. It saves time and reduces arithmetic error, since I've verified that derivation enough times to trust it.
I just used energy conservation converting all the kinetic energy into gravitational potential — half m v squared equals m g h, the mass cancels, so h equals v squared over 2g. With v equals 4, that's 16 over 19.6, which is roughly 0.82 metres. Since 0.82 is bigger than the 0.50 metre hill, the cart clears it, and the number felt right because 4 m/s is a decent clip for a cart, so climbing something less than a metre is entirely plausible.
I could have gone through Newton's second law with the spring force and set up the differential equation for simple harmonic motion, then found the amplitude that way — but that's massive overkill for just finding maximum compression. Energy conservation is the direct route: at maximum compression, all the kinetic energy of the combined blocks has converted to spring potential energy, since velocity is momentarily zero there. There's no reason to solve the full equation of motion when I only need one point in the motion, not the whole trajectory.
I could've written out the two conservation equations from scratch — momentum equals m1v1 plus m2v2, kinetic energy equals a half m1v1 squared plus a half m2v2 squared — and solved that pair simultaneously for v1' and v2'. It's a valid route, but it's more algebra than I need: substitution and quadratic terms, when the mass ratio formula already packages that exact derivation into one line. Since I've verified that formula many times before, pulling it from memory is faster and just as reliable as re-deriving it under time pressure.","In B1, was there anything about what the spring is pushing against while the blocks collide that would have made you rethink the two-stage approach?"
G17,variant,rewritten,explicit,period of the pendulum,A1;A2,"A1: A 2.0 kg block is released from rest at a height of 1.8 m on a frictionless ramp. At the bottom it collides with a 1.0 kg block at rest, and the two stick together. They then slide up a second frictionless ramp. How high do they rise?
A2: A 10 g bullet moving horizontally at 300 m/s embeds itself in a 2.0 kg wooden block hanging at rest from a 1.5 m string. What is the largest angle the string makes with the vertical?","Okay, block slides down, frictionless, so I get its speed at the bottom from energy.
Then they stick, so that part isn't energy, it's momentum, the collision loses energy.
Speed after is two thirds of the speed before, then energy again up the ramp.
Height scales with speed squared, so four ninths of 1.8, 0.8 metres. That's lower, which makes sense.
Bullet embeds, so again a sticking collision, momentum only for the impact.
Speed of block and bullet is about 1.49 metres per second, then it swings up, energy.
Rise is v squared over 2g, about 11 centimetres, and cos theta is one minus h over L, so around 22 degrees.
The word ""collide with... at rest, and the two stick together"" is the tell — that's a perfectly inelastic collision, so kinetic energy isn't conserved through that step, but momentum still is since there are no external horizontal impulses during the brief impact. So I switch tools right there: energy for the slide down, momentum for the collision itself, then energy again for the rise afterward.
It's a sanity check, not a proof — sticking collisions always bleed off kinetic energy, so the rise afterward must be less than the drop before, and 0.8 m is indeed less than 1.8 m. If I'd gotten something equal to or greater than 1.8 m I'd know I'd made an error, maybe forgetting to combine the masses or misapplying momentum. It's a quick consistency check, the real verification is that the algebra with the mass ratio and momentum conservation is self-consistent.
I could have plugged in numbers explicitly — solved v from mgh, computed the momentum-conserved v', then squared that to get a new h — but that's just extra arithmetic with the same g's and factors canceling out. Since the ramp's the same shape, height and speed-squared are directly proportional, so tracking the ratio of speeds directly and squaring it saves a step and reduces chances for a numerical slip. It's the same physics, just skipping unnecessary intermediate numbers.
If the combined speed after collision had come out equal to or greater than the initial speed before sticking, I'd know something was wrong — that violates the basic fact that inelastic collisions dissipate energy. Similarly if the mass ratio factor had come out greater than one, that's a red flag, since two-thirds squared should always be less than one. Either of those would send me back to check whether I'd conserved momentum correctly or mixed up which masses go where.
The most common slip is treating the whole thing as one big energy conservation problem — using mgh from the top all the way to the final rise, ignoring that a collision happens in between. That silently assumes kinetic energy is conserved through the sticking, which it isn't, and they'd get 1.8 m back out, which is exactly the wrong-looks-right trap. Another common one is using the wrong mass in momentum conservation — forgetting that the momentum equation needs the combined mass on one side after impact, but only the moving block's mass and speed before it. Either mistake, and you don't get the tell-tale ""lower than before"" answer.
""Embeds itself in"" is basically the same tell as ""stick together"" in A1 — it's telling me the bullet and block end up moving as one object, so it's perfectly inelastic. That means I can't use energy conservation across the impact itself, only momentum, and then switch to energy for the swing afterward since the string tension does no work and there's no friction there.
Same sanity check as before, roughly — the bullet's momentum, 0.01 times 300, is 3 kg·m/s, spread over a combined mass of about 2.01 kg, so I'd expect something on the order of one and a half metres per second, and 1.49 lines up with that rough division. It's also obviously much less than the bullet's original 300 m/s, which it has to be since it's now dragging along a 2 kg block. If I'd gotten something like 15 m/s or 0.15 m/s I'd know I'd misplaced a decimal or used the wrong mass in the denominator.
I could've gone through the pendulum's actual arc length or used the tension/centripetal condition at the top, but that's way more machinery than the problem needs — I only care about the maximum swing angle, and energy conservation gets me straight from speed to height without touching the dynamics of the swing itself. Once I have h, geometry gives me cos theta = 1 - h/L directly, so there's no need to parameterize the motion in time at all. Going the ""harder"" route would just be inviting extra trig and extra chances to slip.","Still on A2, what value for the period of the pendulum's swing would have made you stop and start over?"
G18,original,accepted,,,B1;B2,"B1: A 0.50 kg block sliding at 4.0 m/s on a frictionless surface hits and sticks to a 1.5 kg block at rest, which is attached to a horizontal spring (k = 200 N/m) whose other end is fixed to a wall. What is the maximum compression of the spring?
B2: A 2.0 kg cart moving at 3.0 m/s collides elastically with a 1.0 kg cart at rest on a frictionless track. The track ahead of the 1.0 kg cart rises over a hill 0.50 m high. Does the 1.0 kg cart make it over the hill?","Sticks to the block on the spring, so first the collision with momentum, speed one metre per second.
Then the pair compresses the spring, kinetic energy into spring energy, one joule equals a half k x squared.
x is 0.1 metres. I shouldn't use the initial kinetic energy, that's the classic trap.
Elastic, so both momentum and kinetic energy are conserved, I'll use the standard result.
Light cart leaves at 2 m1 over m1 plus m2 times v, four metres per second.
It could climb v squared over 2g, about 0.82 metres, more than 0.5, so yes it gets over.
The word ""sticks"" is the giveaway — that's a perfectly inelastic collision, so momentum conservation applies but kinetic energy isn't conserved during the collision itself. I know that energy gets conserved only after the collision, once the combined blocks compress the spring. So I have to do it in two stages: momentum first to get the shared velocity, then energy conservation from that point into the spring. Jumping straight to energy with the initial speed would ignore the energy lost when the blocks stick together.
A first-year often forgets that ""sticks together"" means kinetic energy is lost right there in the collision, so they'll take the block's original 4.0 m/s, plug it straight into a half m v squared equals a half k x squared, and get a compression that's way too large. They skip computing the post-collision velocity entirely and treat the whole system as if all the initial kinetic energy is available to compress the spring, which ignores the energy dissipated in the perfectly inelastic collision. It's a natural mistake because the numbers are right there and the two-step structure isn't obvious unless you've internalized that sticking equals an energy loss.
Quick sanity check on units and magnitude: k is 200 N/m, so a 0.1 m compression stores half times 200 times 0.01, which is 1 joule — that matches the kinetic energy I got from the 2 kg mass moving at 1 m/s after the collision, so the energy books balance. I also checked that 0.1 m is physically reasonable for a spring like this, not absurdly large or vanishingly small, so it passes the smell test.
The word ""elastic"" is the trigger — that's my cue that both momentum and kinetic energy conservation hold simultaneously, which is exactly the condition that lets you derive those closed-form velocity formulas for a two-body collision. Rather than re-deriving them from scratch every time, I recognize the setup — one cart at rest, elastic collision, unequal masses — as matching the standard textbook derivation, so I just recall the result for v1' and v2' in terms of the mass ratio. It saves time and reduces arithmetic error, since I've verified that derivation enough times to trust it.
I just used energy conservation converting all the kinetic energy into gravitational potential — half m v squared equals m g h, the mass cancels, so h equals v squared over 2g. With v equals 4, that's 16 over 19.6, which is roughly 0.82 metres. Since 0.82 is bigger than the 0.50 metre hill, the cart clears it, and the number felt right because 4 m/s is a decent clip for a cart, so climbing something less than a metre is entirely plausible.","Back on B1: at the point where you wrote 1 J = \u00bd k x\u00b2, what other route to the compression was available to you, and why didn't you take it?"
G19,original,accepted,,,B1;B2,"B1: A 0.50 kg block sliding at 4.0 m/s on a frictionless surface hits and sticks to a 1.5 kg block at rest, which is attached to a horizontal spring (k = 200 N/m) whose other end is fixed to a wall. What is the maximum compression of the spring?
B2: A 2.0 kg cart moving at 3.0 m/s collides elastically with a 1.0 kg cart at rest on a frictionless track. The track ahead of the 1.0 kg cart rises over a hill 0.50 m high. Does the 1.0 kg cart make it over the hill?","Sticks to the block on the spring, so first the collision with momentum, speed one metre per second.
Then the pair compresses the spring, kinetic energy into spring energy, one joule equals a half k x squared.
x is 0.1 metres. I shouldn't use the initial kinetic energy, that's the classic trap.
Elastic, so both momentum and kinetic energy are conserved, I'll use the standard result.
Light cart leaves at 2 m1 over m1 plus m2 times v, four metres per second.
It could climb v squared over 2g, about 0.82 metres, more than 0.5, so yes it gets over.
The word ""sticks"" is the giveaway — that's a perfectly inelastic collision, so momentum conservation applies but kinetic energy isn't conserved during the collision itself. I know that energy gets conserved only after the collision, once the combined blocks compress the spring. So I have to do it in two stages: momentum first to get the shared velocity, then energy conservation from that point into the spring. Jumping straight to energy with the initial speed would ignore the energy lost when the blocks stick together.
A first-year often forgets that ""sticks together"" means kinetic energy is lost right there in the collision, so they'll take the block's original 4.0 m/s, plug it straight into a half m v squared equals a half k x squared, and get a compression that's way too large. They skip computing the post-collision velocity entirely and treat the whole system as if all the initial kinetic energy is available to compress the spring, which ignores the energy dissipated in the perfectly inelastic collision. It's a natural mistake because the numbers are right there and the two-step structure isn't obvious unless you've internalized that sticking equals an energy loss.
Quick sanity check on units and magnitude: k is 200 N/m, so a 0.1 m compression stores half times 200 times 0.01, which is 1 joule — that matches the kinetic energy I got from the 2 kg mass moving at 1 m/s after the collision, so the energy books balance. I also checked that 0.1 m is physically reasonable for a spring like this, not absurdly large or vanishingly small, so it passes the smell test.
The word ""elastic"" is the trigger — that's my cue that both momentum and kinetic energy conservation hold simultaneously, which is exactly the condition that lets you derive those closed-form velocity formulas for a two-body collision. Rather than re-deriving them from scratch every time, I recognize the setup — one cart at rest, elastic collision, unequal masses — as matching the standard textbook derivation, so I just recall the result for v1' and v2' in terms of the mass ratio. It saves time and reduces arithmetic error, since I've verified that derivation enough times to trust it.","In B2 you said the light cart could climb ""v squared over 2g, about 0.82 metres"" — how did you know that number was right?"
G20,variant,rewritten,subtle,relative velocity reversal (speed of separation equals speed of approach in an elastic collision),B1;B2,"B1: A 0.50 kg block sliding at 4.0 m/s on a frictionless surface hits and sticks to a 1.5 kg block at rest, which is attached to a horizontal spring (k = 200 N/m) whose other end is fixed to a wall. What is the maximum compression of the spring?
B2: A 2.0 kg cart moving at 3.0 m/s collides elastically with a 1.0 kg cart at rest on a frictionless track. The track ahead of the 1.0 kg cart rises over a hill 0.50 m high. Does the 1.0 kg cart make it over the hill?","Sticks to the block on the spring, so first the collision with momentum, speed one metre per second.
Then the pair compresses the spring, kinetic energy into spring energy, one joule equals a half k x squared.
x is 0.1 metres. I shouldn't use the initial kinetic energy, that's the classic trap.
Elastic, so both momentum and kinetic energy are conserved, I'll use the standard result.
Light cart leaves at 2 m1 over m1 plus m2 times v, four metres per second.
It could climb v squared over 2g, about 0.82 metres, more than 0.5, so yes it gets over.
The word ""sticks"" is the giveaway—that's perfectly inelastic, so I know energy isn't conserved in the collision itself and I have to handle it in two separate stages. If I'd tried to lump the initial kinetic energy straight into the spring equation, I'd be ignoring that energy loss, which is exactly the trap I flagged. So structurally, momentum conservation for the collision has to come first, and only after I have the post-collision velocity do I switch to energy conservation for the spring compression.
I checked it two ways: dimensionally and by ballpark. Half times 200 times 0.01 gives exactly 1 joule, matching the kinetic energy I computed from the 1 m/s combined velocity, so the arithmetic closes cleanly. I also sanity-checked the size—10 centimeters of compression for a spring that stiff with only 1 joule of energy feels physically reasonable, not absurdly large or small. That agreement between the algebra and my intuition is what told me I hadn't fallen into the trap of using the wrong energy.
The problem explicitly says ""collides elastically,"" so that's a direct flag—no need to derive from scratch. For a 1D elastic collision I know the final velocities reduce to standard formulas in terms of the mass ratio, so I just recalled that result rather than re-deriving momentum and energy equations simultaneously. It's a pattern-matched shortcut: ""elastic collision, one mass initially at rest"" immediately calls up that formula in my memory.
I just converted the kinetic energy after collision into gravitational potential energy—no friction, so all of it goes into height, and that's the standard formula for how high something climbs with a given launch speed. Sixteen over ten is 1.6, divide by two is 0.8, so 0.82 meters felt right by mental math. And it's comfortably bigger than the half-meter hill, so the conclusion is robust even if I'm off by a little in the arithmetic.
I could have gone through Newton's second law with the spring force and tried to integrate the motion to find where velocity hits zero, but that's solving a differential equation for what's really just an energy bookkeeping question—way more work than necessary. Energy conservation directly gives me the turning point because maximum compression is exactly where all the kinetic energy has converted to spring potential energy, velocity zero. There's no reason to track the full time-dependent motion when I only need that one special point.
They'd take the 0.5 times 0.5 times 4 squared, four joules from before the collision, plug that straight into the spring equation, and get a compression around 0.2 meters instead of 0.1. The mistake is forgetting that the collision itself eats up energy—sticking together is lossy—so you have to compute the post-collision kinetic energy with the combined mass and the slower 1 m/s speed, not the block's original speed. It's a natural error because the number ""4 m/s"" is the most salient one in the problem statement, so students grab it without pausing to ask whether it survives the collision intact.
I could have set up the two equations directly—momentum conservation and kinetic energy conservation—and solved them simultaneously as a system for the two unknown final velocities. That's the honest derivation, but it's algebraically messier, involving a quadratic, when I already have the formula memorized cold from having derived it many times before. There's no pedagogical or accuracy benefit to re-deriving it here; I'd only do that from scratch if I were teaching the derivation itself or if I mistrusted my memory of the formula.
If the compression had come out feeling too big—like several tens of centimeters—or if the energy numbers didn't reconcile cleanly, say the half k x squared didn't match the joule I got from the collision, I'd have stopped and gone back. Also, if I'd found myself wanting to plug in 4 m/s anywhere in the spring stage, that's a red flag telling me I've slipped back into the trap and lost track of the two-stage structure. Basically, any mismatch between the algebra and my intuition about scale would send me back to check whether I'd properly separated the lossy collision from the lossless spring compression.
If the height had come out close to 0.5 meters, or below it, I'd have gone back to check my arithmetic and my recollection of the elastic collision formula before trusting the answer—a near-tie is exactly where a small slip matters. I'd also pause if the mass ratio had been different enough that the light cart's velocity looked implausible, since the whole answer hinges on that 4 m/s being right. Here the margin was comfortable, 0.82 against 0.5, so I didn't feel the need to double back, but that comfort margin is precisely what I'm checking for before I commit to an answer.
They'd probably misremember the formula and either swap which mass goes in the numerator or just add the velocities like a perfectly inelastic collision, forgetting elastic collisions let the light cart actually move faster than the incoming cart. Another common slip is using the formula for the *heavy* cart's final velocity instead of the light one, since there are two similar-looking expressions and it's easy to grab the wrong one under time pressure. The tell that something's wrong would be getting a speed less than or equal to 3 m/s for the light cart—that can't be right when a heavier mass hits a lighter stationary one elastically, it has to end up moving faster than the incoming cart.",You said a light cart speed at or below 3 m/s would be the tell — would you also compare how fast the carts move apart with how fast they came together?
G21,original,rejected,,,A1;A2,"A1: A 2.0 kg block is released from rest at a height of 1.8 m on a frictionless ramp. At the bottom it collides with a 1.0 kg block at rest, and the two stick together. They then slide up a second frictionless ramp. How high do they rise?
A2: A 10 g bullet moving horizontally at 300 m/s embeds itself in a 2.0 kg wooden block hanging at rest from a 1.5 m string. What is the largest angle the string makes with the vertical?","Okay, block slides down, frictionless, so I get its speed at the bottom from energy.
Then they stick, so that part isn't energy, it's momentum, the collision loses energy.
Speed after is two thirds of the speed before, then energy again up the ramp.
Height scales with speed squared, so four ninths of 1.8, 0.8 metres. That's lower, which makes sense.
Bullet embeds, so again a sticking collision, momentum only for the impact.
Speed of block and bullet is about 1.49 metres per second, then it swings up, energy.
Rise is v squared over 2g, about 11 centimetres, and cos theta is one minus h over L, so around 22 degrees.
The word ""collide"" and ""stick together"" — that's the giveaway, it's an inelastic collision, so kinetic energy just isn't conserved there. Any time two objects join together in a collision, I know some energy goes into deformation or heat, so I have to switch tools and use momentum conservation for that instant. Before and after that instant, though, it's back to smooth motion on the ramps, so energy conservation applies again there. It's really just pattern recognition from doing dozens of these — sticking equals momentum, smooth sliding equals energy.
It's a sanity check, not a proof — I know inelastic collisions always bleed off kinetic energy, so the system simply can't rise back to the original 1.8 metres. If I'd gotten something equal to or higher than the starting height, that would've told me I made an error, probably forgetting the mass ratio in the momentum step. Getting a smaller number is the right shape of answer, so it passes the smell test even before I trust the exact arithmetic.
I think students often forget that momentum conservation gives you a ratio involving the masses, not just some generic fraction — they'll either use the wrong masses or, worse, try to conserve kinetic energy right through the collision and get the wrong speed entirely. The other common slip is plugging in total mass incorrectly, forgetting it's momentum of the first block before impact equal to momentum of the combined mass after. So really it's two separate errors: reaching for the wrong conservation law, and then even if they pick momentum correctly, mishandling the algebra with the combined mass.
Sure, I could've skipped naming the speed explicitly and just chained the ratios symbolically — combine momentum conservation and energy conservation into one expression for height directly, so h_final equals h_initial times the square of the mass fraction, m1 over m1 plus m2, all squared. That avoids computing the intermediate velocity numerically and just tracks the algebra through in one go. I usually don't bother, though, because computing the actual speed at each stage helps me catch arithmetic errors and it also just feels more physical to me, like I'm watching the block actually move through each phase.
If I'd ended up with a rise equal to or greater than 1.8 metres, that's an immediate red flag — an inelastic collision can't give that back, so I'd know I'd botched the momentum step or accidentally conserved energy through the collision. Similarly, if the mass ratio had spit out something like the speed increasing after the stick, I'd stop right there, because combined mass moving faster than the incoming block violates basic momentum sense. Those are the kinds of results that would make me scrap the calculation and re-derive the velocity ratio from scratch rather than just double-checking arithmetic.
Same signature as A1, really — anytime something buries itself or sticks in something else, that's my cue it's a plastic collision, no ifs about it. The bullet ""embeds itself"" in the block, so I know instantly kinetic energy is not conserved during that impact, only momentum survives. After that, the block-plus-bullet swings on the string, which is smooth motion again, so energy conservation takes back over for the rise. It's the same two-phase pattern as the ramp problem, just dressed up with a pendulum instead of a second incline.
The bullet's 10 grams against a 2 kilo block, so the speed should drop by roughly a factor of two hundred, and 300 over 201 landing near 1.5 felt right on inspection. Then for the rise, a slow swing like that shouldn't lift the pendulum far, and 11 centimeters out of a 1.5 meter string is a small fraction, consistent with such a modest speed. If I'd gotten something like half a meter of rise, I'd have known immediately something was off, since that speed just doesn't carry enough energy for a big swing.
I think the trap there is geometry, not physics — students want to just plug h over L straight into an inverse cosine without realizing the string's vertical drop from the pivot is L minus h, not h itself. So they either forget the ""one minus"" part entirely, or they mix up sine and cosine for the angle from vertical versus the angle from horizontal. It's a classic case of the physics being done correctly upstream — momentum then energy — but then losing the marks on the last trigonometric bookkeeping step.","In A2, once you had the combined speed of 1.49 m/s, was there another way you could have gotten to the maximum angle?"
G22,variant,rewritten,explicit,rotational kinetic energy of the wheels,B1;B2,"B1: A 0.50 kg block sliding at 4.0 m/s on a frictionless surface hits and sticks to a 1.5 kg block at rest, which is attached to a horizontal spring (k = 200 N/m) whose other end is fixed to a wall. What is the maximum compression of the spring?
B2: A 2.0 kg cart moving at 3.0 m/s collides elastically with a 1.0 kg cart at rest on a frictionless track. The track ahead of the 1.0 kg cart rises over a hill 0.50 m high. Does the 1.0 kg cart make it over the hill?","Sticks to the block on the spring, so first the collision with momentum, speed one metre per second.
Then the pair compresses the spring, kinetic energy into spring energy, one joule equals a half k x squared.
x is 0.1 metres. I shouldn't use the initial kinetic energy, that's the classic trap.
Elastic, so both momentum and kinetic energy are conserved, I'll use the standard result.
Light cart leaves at 2 m1 over m1 plus m2 times v, four metres per second.
It could climb v squared over 2g, about 0.82 metres, more than 0.5, so yes it gets over.
The word ""sticks"" is the giveaway — that's perfectly inelastic, so momentum conservation applies to the collision itself, but kinetic energy doesn't carry through intact. I know I have to break the problem into two separate stages: first the collision to find the velocity right after impact, then a separate energy conservation step from that post-collision velocity into spring compression. If I tried to jump straight to energy conservation using the initial 4.0 m/s, I'd be ignoring the energy lost in the sticking collision, which is exactly the trap I flagged out loud.
I checked it two ways: first, the numbers are clean — one joule of kinetic energy after collision equals a half times 200 times x squared, and x pops out to a tidy 0.1 meters, which is a good sign. Second, I sanity-checked the energy accounting — 1 kg at 1 m/s gives 0.5 joules, wait, let me redo that... 2 kg total mass, so a half times 2 times 1 squared is 1 joule, matching the spring energy at that compression, so the bookkeeping closes properly. When units and magnitudes line up like that with no leftover energy unaccounted for, I trust the result.
I could have tried to track the motion through the compression using forces or kinematics directly, but the spring force isn't constant, so that's a nightmare of a differential equation for no reason. Energy conservation sidesteps all that — I don't care about the details of the compression, only that kinetic energy converts entirely into spring potential energy at maximum compression, where velocity is momentarily zero. That's really the signal that tells me energy methods are the right tool: whenever I only need the endpoints of a process, not the trajectory, energy conservation is almost always cleaner than force analysis.
If the problem said the spring was attached to the bullet block instead, or if the collision itself happened while already in contact with the spring so they weren't cleanly separable, I'd have to rethink — you can't always split into clean stages if the spring force acts during the collision. I'd also get suspicious if the post-collision energy came out larger than the pre-collision kinetic energy, since sticking always loses energy — that would tell me I'd made an algebra or conceptual error. And honestly, if x had popped out negative or complex, that's an immediate red flag that I'd set up the energy equation wrong.
Another classic slip is forgetting the collision entirely and just treating it as one mass sliding into a spring, or mixing up which mass to use in the energy equation — using 0.5 kg instead of the combined 2.0 kg after they stick. Students also sometimes try to conserve kinetic energy through the collision itself, treating ""sticks to"" as if it were elastic, which of course violates the whole point of a perfectly inelastic collision. And I've seen students forget that momentum conservation applies only to the collision step, then wrongly apply it again to the spring compression phase, where it's not the right conservation law at all.
The word ""elastic"" is explicit in the problem, and that's my cue to skip deriving from scratch and just recall the standard elastic collision formulas for two masses, since I've derived them so many times I trust the shortcut. With one cart initially at rest, those formulas simplify nicely, so I know I can get both post-collision velocities directly without solving simultaneous equations from momentum and energy conservation each time. It's really a pattern-match: ""elastic"" plus ""one object at rest"" signals the textbook two-body elastic collision result.
I plugged v = 2m1/(m1+m2) times v: 2 times 2.0 over 3.0 times 3.0, which gives 4.0 m/s. It's also worth checking it's physically sensible — in an elastic collision, a light cart struck by a heavier moving one should end up faster than the incoming speed, and 4.0 exceeding the original 3.0 m/s fits that pattern. And I double-checked momentum: 2.0 kg at 3.0 gives 6.0, matching 2.0 times the heavy cart's rebound speed plus 1.0 times 4.0, so the bookkeeping closes.
I could've written out the two conservation equations from scratch — momentum equal to m1v1 plus m2v2, and kinetic energy equal to a half m1v1 squared plus a half m2v2 squared — then solved them simultaneously as a system, which does work but involves a messier quadratic step. I didn't bother because I've derived the standard formulas enough times that I trust them completely, and recognizing ""elastic plus one mass at rest"" as the pattern lets me skip straight to the shortcut without re-deriving it every time. It's really just efficiency — the algebra would give the same answer, but there's no reason to redo work I've already verified many times over.
If the numbers came out close, like 0.5 or 0.6 meters instead of 0.82, I'd want to double check my arithmetic more carefully since a near-miss is exactly where rounding errors bite you. I'd also stop and rethink if the height came out less than 0.5 but the problem's phrasing seemed to hint the cart should clear it, since that mismatch would mean I'd made an error somewhere in the elastic collision formula or the energy conversion. And of course, if the cart's post-collision speed came out negative — meaning it bounced backward — that would immediately tell me something's wrong, since it can't climb a hill it's moving away from.","On B2, at the step where you turned 4 m/s into a climb height of about 0.82 metres — would a first-year student forget the rotational kinetic energy of the cart's wheels?"
G23,variant,rewritten,explicit,string tension does no work (perpendicular to the motion),A1;A2,"A1: A 2.0 kg block is released from rest at a height of 1.8 m on a frictionless ramp. At the bottom it collides with a 1.0 kg block at rest, and the two stick together. They then slide up a second frictionless ramp. How high do they rise?
A2: A 10 g bullet moving horizontally at 300 m/s embeds itself in a 2.0 kg wooden block hanging at rest from a 1.5 m string. What is the largest angle the string makes with the vertical?","Okay, block slides down, frictionless, so I get its speed at the bottom from energy.
Then they stick, so that part isn't energy, it's momentum, the collision loses energy.
Speed after is two thirds of the speed before, then energy again up the ramp.
Height scales with speed squared, so four ninths of 1.8, 0.8 metres. That's lower, which makes sense.
Bullet embeds, so again a sticking collision, momentum only for the impact.
Speed of block and bullet is about 1.49 metres per second, then it swings up, energy.
Rise is v squared over 2g, about 11 centimetres, and cos theta is one minus h over L, so around 22 degrees.
The word ""collide"" plus ""stick together"" is the giveaway — anytime objects merge into one, kinetic energy isn't conserved because some goes into deformation or heat, but momentum still is, since there's no external horizontal force during that brief contact. So I pattern-match on that phrase and immediately switch tools: momentum for the collision itself, energy for the smooth ramp motion before and after. It's really just recognizing which physical law applies to which phase of the motion.
It's a quick sanity check, not a proof — I know a perfectly inelastic collision always dissipates energy, so the block system must rise lower than the original 1.8 metres, never equal or higher. If I'd gotten something like 1.8 or 2.5 metres, I'd know immediately I'd mixed up energy and momentum somewhere. It's really just a plausibility filter I run automatically before moving on.
The classic mistake is plugging the pre-collision speed straight into the height formula, as if energy just carries through the collision unchanged — that's forgetting the merge happened at all. Or they try to conserve kinetic energy through the sticking collision itself, setting the two KEs equal instead of the momenta, which gives a totally wrong speed. The mass ratio is also a common slip — using 2.0 over 3.0 correctly requires remembering it's momentum before over total mass after, not some energy fraction, so I always double check that the two-thirds comes from mv equalling (m+M)v', not from squaring anything.
I could've just plugged numbers all the way through instead of shortcutting — find v at bottom from mgh, get v' from momentum conservation, then set half (m+M)v'² equal to (m+M)gh' and solve for h' directly in meters per second. It's the same arithmetic, just done in stages rather than noticing that the ramp heights are proportional to velocity squared, which lets you skip straight to the ratio. I like the ratio trick because it's faster and it also doubles as that sanity check — but a student who isn't comfortable with proportional reasoning should absolutely just grind through the numbers explicitly.
If I'd found the speed after collision to be equal to or greater than the speed before, I'd know something was badly wrong — that would violate energy loss in a sticking collision, and I'd stop right there and recheck whether I'd actually used momentum conservation or accidentally conserved energy through the impact. Similarly, if the height had come out at 1.8 metres or higher, that's an immediate red flag the merge wasn't accounted for at all. Those checkpoints are non-negotiable for me before I trust the rest of the arithmetic.
It's the same signature as A1: a fast small mass merging permanently into a larger one, ""embeds"" being basically a synonym for ""sticks together."" Structurally it's identical — momentum conservation across the brief impact, then energy conservation for the smooth swing afterward. Once I see that merging language, I don't need to rethink the physics from scratch, I just recognize the same two-phase pattern and move through it.
I ran the arithmetic and checked scale: 11 centimetres out of a 1.5 metre string is a small fraction, so cos theta should be close to one, and 22 degrees is a modest swing — that all hangs together for a bullet losing most of its speed to a much heavier block. If h had come out comparable to L, or the angle near 90 degrees, I'd know I'd botched the mass ratio or dropped a square somewhere. It's the same kind of plausibility filter as before — small energy transferred, small swing, nothing exotic.
The alternative is straight geometry: theta equals arccos of (L minus h) over L, which is the same statement just written before I've simplified it — I just prefer canceling the L's first so I'm working with a clean small number like h over L instead of carrying the full length through the arccos. I could also have gone back to basics with the pendulum's vertical position, L cos theta below the pivot, and set L minus that equal to h — again identical, just more bookkeeping. I don't avoid it because it's wrong, only because it's an extra unnecessary step once you recognize the geometry.
The usual slip is using the bullet's full mass or the block's mass alone in the denominator instead of the combined mass — forgetting the bullet actually adds to what's swinging afterward. Another common one is plugging in 300 metres per second directly into the pendulum energy equation, skipping the collision step entirely, which way overestimates the swing. And occasionally someone forgets to convert the 10 grams to kilograms, which throws the ratio off by a factor of a hundred — so I always eyeball that the answer is a small fraction of 300, consistent with a tiny mass hitting something two hundred times heavier.
If the combined-mass speed had come out anywhere near 300 metres per second, or even a large fraction of it, I'd know immediately I'd forgotten to actually apply momentum conservation and just carried the bullet's speed through untouched. Similarly, if the swing height had come out comparable to or exceeding the string length — or the angle near 90 degrees — that's a red flag for a bullet-block mass ratio this lopsided. Those are the checkpoints where I'd stop and recheck the mass values and the conservation law before trusting anything downstream.","In A2 you said ""then it swings up, energy"" — did you check that the string tension does no work on the block during the swing?"
G24,variant,rewritten,subtle,centre-of-mass velocity is unchanged by the collision,A1;A2,"A1: A 2.0 kg block is released from rest at a height of 1.8 m on a frictionless ramp. At the bottom it collides with a 1.0 kg block at rest, and the two stick together. They then slide up a second frictionless ramp. How high do they rise?
A2: A 10 g bullet moving horizontally at 300 m/s embeds itself in a 2.0 kg wooden block hanging at rest from a 1.5 m string. What is the largest angle the string makes with the vertical?","Okay, block slides down, frictionless, so I get its speed at the bottom from energy.
Then they stick, so that part isn't energy, it's momentum, the collision loses energy.
Speed after is two thirds of the speed before, then energy again up the ramp.
Height scales with speed squared, so four ninths of 1.8, 0.8 metres. That's lower, which makes sense.
Bullet embeds, so again a sticking collision, momentum only for the impact.
Speed of block and bullet is about 1.49 metres per second, then it swings up, energy.
Rise is v squared over 2g, about 11 centimetres, and cos theta is one minus h over L, so around 22 degrees.
The word ""collide"" and ""stick together"" — that's the giveaway, it's an inelastic collision, so kinetic energy just isn't conserved there. Any time two objects join together in a collision, I know some energy goes into deformation or heat, so I have to switch tools and use momentum conservation for that instant. Before and after that instant, though, it's back to smooth motion on the ramps, so energy conservation applies again there. It's really just pattern recognition from doing dozens of these — sticking equals momentum, smooth sliding equals energy.
It's a sanity check, not a proof — I know inelastic collisions always bleed off kinetic energy, so the system simply can't rise back to the original 1.8 metres. If I'd gotten something equal to or higher than the starting height, that would've told me I made an error, probably forgetting the mass ratio in the momentum step. Getting a smaller number is the right shape of answer, so it passes the smell test even before I trust the exact arithmetic.
I think students often forget that momentum conservation gives you a ratio involving the masses, not just some generic fraction — they'll either use the wrong masses or, worse, try to conserve kinetic energy right through the collision and get the wrong speed entirely. The other common slip is plugging in total mass incorrectly, forgetting it's momentum of the first block before impact equal to momentum of the combined mass after. So really it's two separate errors: reaching for the wrong conservation law, and then even if they pick momentum correctly, mishandling the algebra with the combined mass.
Sure, I could've skipped naming the speed explicitly and just chained the ratios symbolically — combine momentum conservation and energy conservation into one expression for height directly, so h_final equals h_initial times the square of the mass fraction, m1 over m1 plus m2, all squared. That avoids computing the intermediate velocity numerically and just tracks the algebra through in one go. I usually don't bother, though, because computing the actual speed at each stage helps me catch arithmetic errors and it also just feels more physical to me, like I'm watching the block actually move through each phase.
If I'd ended up with a rise equal to or greater than 1.8 metres, that's an immediate red flag — an inelastic collision can't give that back, so I'd know I'd botched the momentum step or accidentally conserved energy through the collision. Similarly, if the mass ratio had spit out something like the speed increasing after the stick, I'd stop right there, because combined mass moving faster than the incoming block violates basic momentum sense. Those are the kinds of results that would make me scrap the calculation and re-derive the velocity ratio from scratch rather than just double-checking arithmetic.
Same signature as A1, really — anytime something buries itself or sticks in something else, that's my cue it's a plastic collision, no ifs about it. The bullet ""embeds itself"" in the block, so I know instantly kinetic energy is not conserved during that impact, only momentum survives. After that, the block-plus-bullet swings on the string, which is smooth motion again, so energy conservation takes back over for the rise. It's the same two-phase pattern as the ramp problem, just dressed up with a pendulum instead of a second incline.
The bullet's 10 grams against a 2 kilo block, so the speed should drop by roughly a factor of two hundred, and 300 over 201 landing near 1.5 felt right on inspection. Then for the rise, a slow swing like that shouldn't lift the pendulum far, and 11 centimeters out of a 1.5 meter string is a small fraction, consistent with such a modest speed. If I'd gotten something like half a meter of rise, I'd have known immediately something was off, since that speed just doesn't carry enough energy for a big swing.
I think the trap there is geometry, not physics — students want to just plug h over L straight into an inverse cosine without realizing the string's vertical drop from the pivot is L minus h, not h itself. So they either forget the ""one minus"" part entirely, or they mix up sine and cosine for the angle from vertical versus the angle from horizontal. It's a classic case of the physics being done correctly upstream — momentum then energy — but then losing the marks on the last trigonometric bookkeeping step.
I could've kept everything symbolic and written cos θ = 1 minus (v²/2gL), plugging numbers only at the very end instead of computing h separately — that's a bit cleaner and avoids an intermediate rounding step. I didn't bother because seeing the actual height in centimeters gives me a concrete physical check before I trust the angle, same reasoning as in A1. Breaking it into a height number first also makes it easier to catch a units slip, since centimeters versus meters is an easy place to trip up. So it's really a tradeoff between algebraic elegance and having more checkpoints to catch mistakes.
If the combined velocity had come out close to 300 m/s, or the angle had come out anywhere near 90 degrees, I'd have stopped immediately — a tiny bullet can't hand off nearly all its speed to a 200-times-heavier block, and there's just no way that little bit of energy swings the pendulum anywhere near horizontal. Either of those would tell me I'd botched the mass ratio in the momentum step, maybe using the bullet's mass alone instead of the combined mass, or messed up the energy equation on the swing. Those are the kind of physically absurd results that make me go back to the setup rather than just recheck arithmetic.
It's really about the size of the discrepancy and whether the answer violates a hard physical bound. If a number is just a bit off — like getting 20 degrees instead of 22 — that smells like a rounding slip or a calculator fumble, so I'll just retrace the arithmetic first. But if I get something like a speed exceeding the bullet's initial speed, or an angle at 90 degrees, that's not a rounding issue, that's a violation of conservation laws themselves, and no amount of arithmetic checking fixes that — I have to go back and question which equation I set up. So the tell is: small drift, check arithmetic; qualitatively impossible, check the physics.
That's just the geometry of the pendulum — I need L to convert a height into an angle, since h by itself is meaningless without knowing how long the string is that's swinging up. The moment I have a rise in meters, I know I'm going to need an inverse trig function to get an angle, and that automatically means I need L in the picture, because the vertical drop from the pivot to the bob is L minus h, not h alone. So really it's a reflex at that point: height plus string length equals angle, that's just the shape of a pendulum problem.
Ratios cut straight to the answer without dragging extra decimal places through the calculation — since it's all one power of v squared, the actual meters per second value never mattered, only the fraction two thirds and its square. Working symbolically like that also makes the physics transparent: I can see directly that it's the mass ratio, squared, that's shrinking the height, rather than that just being buried in some numeric coincidence. Honestly it's just efficient — why compute an intermediate velocity in full when the ratio survives cleanly to the end anyway.
It's available anytime the answer only depends on a ratio of the same quantity, so all the units and constants cancel cleanly — here both heights come from the same ""v squared over 2g,"" so g and v drop out and only the velocity fraction survives. I look for that structure whenever a problem chains conservation laws back to back, since often the intermediate variable is just scaffolding, not something I need explicitly. The moment I see the same functional form on both ends, like h proportional to v squared here, I know I can work entirely in ratios and skip the numeric middle step. It's not something I trust blindly, though — I'll usually still sanity check with real numbers once, like I did here, before I let myself lean on the shortcut alone.
I think students often plug in the bullet's mass alone in the denominator instead of the combined mass of bullet plus block, since it's easy to forget that once they stick together, they move as one object. Another common slip is trying to conserve kinetic energy across the collision itself, since a lot of intro students see ""conservation"" and reach for energy first out of habit, even though embedding is clearly inelastic. Either mistake gives a wildly wrong speed — too fast if they forget to add the block's mass, or a nonsensical result if they try energy conservation through the stick — so it's worth flagging both traps explicitly when I teach this.
It's a small angle off a slow swing, so 22 degrees felt like the right ballpark before I even checked the arithmetic — nowhere near vertical, but not negligible either. I also just eyeballed that cos of 22 degrees should land close to my 1 minus h over L value, roughly 0.93, and it did. That agreement between the trig and the energy numbers is really my main confirmation, since the whole chain — momentum, energy, geometry — has to line up consistently for me to trust the final number.
I think students sometimes try to reuse the original 1.8 metres somewhere, or forget that the mass going up the second ramp is the combined mass, even though mass actually cancels out in that stage of energy conservation. The other trap is thinking the second ramp needs its own momentum treatment since it ""looks like"" the same kind of problem as the collision, when really it's just smooth sliding and energy applies cleanly. So the error is usually conceptual bleed-through — carrying assumptions or numbers from the collision step into a stage where they don't belong anymore.","In A1, before you squared it — was there anything about how the pair taken together moves before and after the collision that told you two thirds was right?"
G25,variant,rewritten,subtle,mass of the spring (ideal/massless spring assumption),B1;B2,"B1: A 0.50 kg block sliding at 4.0 m/s on a frictionless surface hits and sticks to a 1.5 kg block at rest, which is attached to a horizontal spring (k = 200 N/m) whose other end is fixed to a wall. What is the maximum compression of the spring?
B2: A 2.0 kg cart moving at 3.0 m/s collides elastically with a 1.0 kg cart at rest on a frictionless track. The track ahead of the 1.0 kg cart rises over a hill 0.50 m high. Does the 1.0 kg cart make it over the hill?","Sticks to the block on the spring, so first the collision with momentum, speed one metre per second.
Then the pair compresses the spring, kinetic energy into spring energy, one joule equals a half k x squared.
x is 0.1 metres. I shouldn't use the initial kinetic energy, that's the classic trap.
Elastic, so both momentum and kinetic energy are conserved, I'll use the standard result.
Light cart leaves at 2 m1 over m1 plus m2 times v, four metres per second.
It could climb v squared over 2g, about 0.82 metres, more than 0.5, so yes it gets over.
Perfectly inelastic collision plus a spring are two different physics regimes, so I can't just mash them into one equation. Momentum conservation applies during the brief collision because the spring force is negligible on that timescale, but once they're moving together, energy conservation takes over as the spring does its work. That ""sticks to"" language is my cue that kinetic energy is lost right there, so I have to compute the post-collision velocity first before touching the spring at all.
A first-year student sees 4.0 m/s and 0.5 kg, computes the kinetic energy of the incoming block alone, and plugs that straight into a half k x squared, forgetting that the collision itself already ate a big chunk of energy since it's perfectly inelastic. That gives a much larger, wrong compression. The fix is to always compute the post-collision velocity of the combined mass first, then use *that* kinetic energy for the spring, since energy isn't conserved across the sticking event, only momentum is.","Still on B1: after you got ""x is 0.1 metres"", was there anything about the spring itself, beyond its stiffness, that could have thrown that number off?"
G26,original,accepted,,,A1;A2,"A1: A 2.0 kg block is released from rest at a height of 1.8 m on a frictionless ramp. At the bottom it collides with a 1.0 kg block at rest, and the two stick together. They then slide up a second frictionless ramp. How high do they rise?
A2: A 10 g bullet moving horizontally at 300 m/s embeds itself in a 2.0 kg wooden block hanging at rest from a 1.5 m string. What is the largest angle the string makes with the vertical?","Okay, block slides down, frictionless, so I get its speed at the bottom from energy.
Then they stick, so that part isn't energy, it's momentum, the collision loses energy.
Speed after is two thirds of the speed before, then energy again up the ramp.
Height scales with speed squared, so four ninths of 1.8, 0.8 metres. That's lower, which makes sense.
Bullet embeds, so again a sticking collision, momentum only for the impact.
Speed of block and bullet is about 1.49 metres per second, then it swings up, energy.
Rise is v squared over 2g, about 11 centimetres, and cos theta is one minus h over L, so around 22 degrees.
The word ""stick together"" — that's the giveaway. Any time objects collide and merge into one, you know kinetic energy isn't conserved because some gets converted to heat and deformation, so momentum has to be the tool, not energy. If they'd bounced apart elastically, I might've checked energy conservation too, but ""stick"" is basically a red flag telling me to switch mental modes right there.
It's a sanity check, not a proof — I know a perfectly inelastic collision always bleeds off kinetic energy, so the block-pair simply can't rise back to the original 1.8 m. Getting 0.8 m, which is comfortably less than 1.8, is consistent with that expectation, whereas if I'd gotten something like 1.5 or 2.0 m I'd immediately suspect an algebra slip. It's a quick physical plausibility filter I run on every answer before moving on.
I could've plugged numbers in right away without simplifying symbolically, but I like to get the ratio first — momentum conservation gives v' = m1/(m1+m2) times v, which is 2/3 here, independent of the actual speed value. That way I can see the structure of the answer, and it also sets me up nicely for the energy step afterward since height scales as the square of that ratio, four ninths, so I don't have to redo arithmetic from scratch. It's really just a preference for tracking the algebra symbolically before dropping in numbers — fewer chances to make a numerical slip that way.
If the ""height"" I calculated came out bigger than the original 1.8 m, that's an immediate red flag — impossible for an inelastic collision, so I'd know I mixed up energy and momentum somewhere, maybe conserved KE straight through the collision by mistake. Similarly if the ratio v'/v came out greater than 1, that violates momentum conservation with masses adding, so I'd stop right there. Basically any result that violates the ""collision must lose energy"" rule would send me back to check whether I'd applied momentum only at the collision step and energy only on the ramps, not blended them.
The classic mistake is trying to conserve kinetic energy straight through the collision, treating the whole problem as one big energy conservation from the first height to the second height. Students see ""ramp, frictionless"" everywhere and just want to write mgh equals mgh without noticing the collision sitting in the middle, which breaks that chain. The fix is really just drilling that ""stick together"" phrase as a hard stop — momentum here, energy there, never blend them across the collision line.
Same signal as before — ""embeds itself"" is just another way of saying they stick together, so momentum conservation governs that instant, full stop. The bullet and block become one object moving at some common speed right after impact, and I don't touch energy at all during that step since embedding into wood obviously dissipates a lot of energy as heat and deformation. It's only after they're moving together that I switch tools and use energy conservation for the swing upward on the string.","In A2 you got ""about 1.49 metres per second"" and then ""around 22 degrees"" — how did you know those numbers were right?"
G27,original,accepted,,,B1;B2,"B1: A 0.50 kg block sliding at 4.0 m/s on a frictionless surface hits and sticks to a 1.5 kg block at rest, which is attached to a horizontal spring (k = 200 N/m) whose other end is fixed to a wall. What is the maximum compression of the spring?
B2: A 2.0 kg cart moving at 3.0 m/s collides elastically with a 1.0 kg cart at rest on a frictionless track. The track ahead of the 1.0 kg cart rises over a hill 0.50 m high. Does the 1.0 kg cart make it over the hill?","Sticks to the block on the spring, so first the collision with momentum, speed one metre per second.
Then the pair compresses the spring, kinetic energy into spring energy, one joule equals a half k x squared.
x is 0.1 metres. I shouldn't use the initial kinetic energy, that's the classic trap.
Elastic, so both momentum and kinetic energy are conserved, I'll use the standard result.
Light cart leaves at 2 m1 over m1 plus m2 times v, four metres per second.
It could climb v squared over 2g, about 0.82 metres, more than 0.5, so yes it gets over.
The word ""sticks"" is the giveaway — that's a perfectly inelastic collision, so momentum conservation applies but kinetic energy isn't conserved during the collision itself. I know that energy gets conserved only after the collision, once the combined blocks compress the spring. So I have to do it in two stages: momentum first to get the shared velocity, then energy conservation from that point into the spring. Jumping straight to energy with the initial speed would ignore the energy lost when the blocks stick together.
A first-year often forgets that ""sticks together"" means kinetic energy is lost right there in the collision, so they'll take the block's original 4.0 m/s, plug it straight into a half m v squared equals a half k x squared, and get a compression that's way too large. They skip computing the post-collision velocity entirely and treat the whole system as if all the initial kinetic energy is available to compress the spring, which ignores the energy dissipated in the perfectly inelastic collision. It's a natural mistake because the numbers are right there and the two-step structure isn't obvious unless you've internalized that sticking equals an energy loss.
Quick sanity check on units and magnitude: k is 200 N/m, so a 0.1 m compression stores half times 200 times 0.01, which is 1 joule — that matches the kinetic energy I got from the 2 kg mass moving at 1 m/s after the collision, so the energy books balance. I also checked that 0.1 m is physically reasonable for a spring like this, not absurdly large or vanishingly small, so it passes the smell test.
The word ""elastic"" is the trigger — that's my cue that both momentum and kinetic energy conservation hold simultaneously, which is exactly the condition that lets you derive those closed-form velocity formulas for a two-body collision. Rather than re-deriving them from scratch every time, I recognize the setup — one cart at rest, elastic collision, unequal masses — as matching the standard textbook derivation, so I just recall the result for v1' and v2' in terms of the mass ratio. It saves time and reduces arithmetic error, since I've verified that derivation enough times to trust it.
I just used energy conservation converting all the kinetic energy into gravitational potential — half m v squared equals m g h, the mass cancels, so h equals v squared over 2g. With v equals 4, that's 16 over 19.6, which is roughly 0.82 metres. Since 0.82 is bigger than the 0.50 metre hill, the cart clears it, and the number felt right because 4 m/s is a decent clip for a cart, so climbing something less than a metre is entirely plausible.
I could have gone through Newton's second law with the spring force and set up the differential equation for simple harmonic motion, then found the amplitude that way — but that's massive overkill for just finding maximum compression. Energy conservation is the direct route: at maximum compression, all the kinetic energy of the combined blocks has converted to spring potential energy, since velocity is momentarily zero there. There's no reason to solve the full equation of motion when I only need one point in the motion, not the whole trajectory.
I could've written out the two conservation equations from scratch — momentum equals m1v1 plus m2v2, kinetic energy equals a half m1v1 squared plus a half m2v2 squared — and solved that pair simultaneously for v1' and v2'. It's a valid route, but it's more algebra than I need: substitution and quadratic terms, when the mass ratio formula already packages that exact derivation into one line. Since I've verified that formula many times before, pulling it from memory is faster and just as reliable as re-deriving it under time pressure.
If the two-stage numbers hadn't matched up — say, if the energy stored in the spring at 0.1 m didn't equal the kinetic energy of the combined mass moving at 1 m/s — that mismatch would've told me I'd made an arithmetic slip or, worse, conceptually mixed stages, like using the pre-collision speed somewhere it doesn't belong. Also, if I'd gotten a compression larger than what you'd expect from a 2 kg mass moving at just 1 m/s into a fairly stiff 200 N/m spring, that would've been a red flag that I'd accidentally smuggled in the original 4 m/s. Basically any result that felt disproportionate to the post-collision energy, not the pre-collision energy, would have made me go back and check whether I'd actually done the momentum step before the energy step.
If the light cart's speed had come out larger than the initial 3.0 m/s, that's impossible for the lighter cart being hit from rest — it can't exceed the incoming speed in an elastic collision like that, so I'd know I'd mixed up the v1' and v2' formulas or the mass ratio. Similarly, if I'd gotten a negative velocity for the light cart, that would signal I'd applied the wrong sign convention or swapped which mass is which in the formula. Either of those would send me back to double-check I hadn't mixed up the roles of m1 and m2 in the standard result.
A first-year would most likely just grab the incoming 3.0 m/s and plug it straight into the height formula, forgetting that the collision transfers velocity unequally between the two carts. They might also mix up which mass gets which formula — using the heavier cart's post-collision speed for the one that needs to climb the hill, or vice versa. Both mistakes come from not pausing to ask which object is actually going over the hill before doing the algebra.","You said a first-year would go wrong from ""not pausing to ask which object is actually going over the hill"" — what does that pause look like when you do it?"
G28,variant,rewritten,explicit,string tension as an external force during the collision (whether it spoils momentum conservation),A1;A2,"A1: A 2.0 kg block is released from rest at a height of 1.8 m on a frictionless ramp. At the bottom it collides with a 1.0 kg block at rest, and the two stick together. They then slide up a second frictionless ramp. How high do they rise?
A2: A 10 g bullet moving horizontally at 300 m/s embeds itself in a 2.0 kg wooden block hanging at rest from a 1.5 m string. What is the largest angle the string makes with the vertical?","Okay, block slides down, frictionless, so I get its speed at the bottom from energy.
Then they stick, so that part isn't energy, it's momentum, the collision loses energy.
Speed after is two thirds of the speed before, then energy again up the ramp.
Height scales with speed squared, so four ninths of 1.8, 0.8 metres. That's lower, which makes sense.
Bullet embeds, so again a sticking collision, momentum only for the impact.
Speed of block and bullet is about 1.49 metres per second, then it swings up, energy.
Rise is v squared over 2g, about 11 centimetres, and cos theta is one minus h over L, so around 22 degrees.
The word ""collide"" and ""stick together"" — that's the giveaway, it's an inelastic collision, so kinetic energy just isn't conserved there. Any time two objects join together in a collision, I know some energy goes into deformation or heat, so I have to switch tools and use momentum conservation for that instant. Before and after that instant, though, it's back to smooth motion on the ramps, so energy conservation applies again there. It's really just pattern recognition from doing dozens of these — sticking equals momentum, smooth sliding equals energy.
It's a sanity check, not a proof — I know inelastic collisions always bleed off kinetic energy, so the system simply can't rise back to the original 1.8 metres. If I'd gotten something equal to or higher than the starting height, that would've told me I made an error, probably forgetting the mass ratio in the momentum step. Getting a smaller number is the right shape of answer, so it passes the smell test even before I trust the exact arithmetic.
I think students often forget that momentum conservation gives you a ratio involving the masses, not just some generic fraction — they'll either use the wrong masses or, worse, try to conserve kinetic energy right through the collision and get the wrong speed entirely. The other common slip is plugging in total mass incorrectly, forgetting it's momentum of the first block before impact equal to momentum of the combined mass after. So really it's two separate errors: reaching for the wrong conservation law, and then even if they pick momentum correctly, mishandling the algebra with the combined mass.
Sure, I could've skipped naming the speed explicitly and just chained the ratios symbolically — combine momentum conservation and energy conservation into one expression for height directly, so h_final equals h_initial times the square of the mass fraction, m1 over m1 plus m2, all squared. That avoids computing the intermediate velocity numerically and just tracks the algebra through in one go. I usually don't bother, though, because computing the actual speed at each stage helps me catch arithmetic errors and it also just feels more physical to me, like I'm watching the block actually move through each phase.
If I'd ended up with a rise equal to or greater than 1.8 metres, that's an immediate red flag — an inelastic collision can't give that back, so I'd know I'd botched the momentum step or accidentally conserved energy through the collision. Similarly, if the mass ratio had spit out something like the speed increasing after the stick, I'd stop right there, because combined mass moving faster than the incoming block violates basic momentum sense. Those are the kinds of results that would make me scrap the calculation and re-derive the velocity ratio from scratch rather than just double-checking arithmetic.
Same signature as A1, really — anytime something buries itself or sticks in something else, that's my cue it's a plastic collision, no ifs about it. The bullet ""embeds itself"" in the block, so I know instantly kinetic energy is not conserved during that impact, only momentum survives. After that, the block-plus-bullet swings on the string, which is smooth motion again, so energy conservation takes back over for the rise. It's the same two-phase pattern as the ramp problem, just dressed up with a pendulum instead of a second incline.
The bullet's 10 grams against a 2 kilo block, so the speed should drop by roughly a factor of two hundred, and 300 over 201 landing near 1.5 felt right on inspection. Then for the rise, a slow swing like that shouldn't lift the pendulum far, and 11 centimeters out of a 1.5 meter string is a small fraction, consistent with such a modest speed. If I'd gotten something like half a meter of rise, I'd have known immediately something was off, since that speed just doesn't carry enough energy for a big swing.
I think the trap there is geometry, not physics — students want to just plug h over L straight into an inverse cosine without realizing the string's vertical drop from the pivot is L minus h, not h itself. So they either forget the ""one minus"" part entirely, or they mix up sine and cosine for the angle from vertical versus the angle from horizontal. It's a classic case of the physics being done correctly upstream — momentum then energy — but then losing the marks on the last trigonometric bookkeeping step.
I could've kept everything symbolic and written cos θ = 1 minus (v²/2gL), plugging numbers only at the very end instead of computing h separately — that's a bit cleaner and avoids an intermediate rounding step. I didn't bother because seeing the actual height in centimeters gives me a concrete physical check before I trust the angle, same reasoning as in A1. Breaking it into a height number first also makes it easier to catch a units slip, since centimeters versus meters is an easy place to trip up. So it's really a tradeoff between algebraic elegance and having more checkpoints to catch mistakes.","In A2, did you check whether the tension in the string during the impact would have spoiled momentum conservation for the bullet and block?"
G29,original,accepted,,,A1;A2,"A1: A 2.0 kg block is released from rest at a height of 1.8 m on a frictionless ramp. At the bottom it collides with a 1.0 kg block at rest, and the two stick together. They then slide up a second frictionless ramp. How high do they rise?
A2: A 10 g bullet moving horizontally at 300 m/s embeds itself in a 2.0 kg wooden block hanging at rest from a 1.5 m string. What is the largest angle the string makes with the vertical?","Okay, block slides down, frictionless, so I get its speed at the bottom from energy.
Then they stick, so that part isn't energy, it's momentum, the collision loses energy.
Speed after is two thirds of the speed before, then energy again up the ramp.
Height scales with speed squared, so four ninths of 1.8, 0.8 metres. That's lower, which makes sense.
Bullet embeds, so again a sticking collision, momentum only for the impact.
Speed of block and bullet is about 1.49 metres per second, then it swings up, energy.
Rise is v squared over 2g, about 11 centimetres, and cos theta is one minus h over L, so around 22 degrees.","In A1 you said ""they stick, so that part isn't energy, it's momentum"" — what in the problem told you that at that point?"
G30,original,accepted,,,B1;B2,"B1: A 0.50 kg block sliding at 4.0 m/s on a frictionless surface hits and sticks to a 1.5 kg block at rest, which is attached to a horizontal spring (k = 200 N/m) whose other end is fixed to a wall. What is the maximum compression of the spring?
B2: A 2.0 kg cart moving at 3.0 m/s collides elastically with a 1.0 kg cart at rest on a frictionless track. The track ahead of the 1.0 kg cart rises over a hill 0.50 m high. Does the 1.0 kg cart make it over the hill?","Sticks to the block on the spring, so first the collision with momentum, speed one metre per second.
Then the pair compresses the spring, kinetic energy into spring energy, one joule equals a half k x squared.
x is 0.1 metres. I shouldn't use the initial kinetic energy, that's the classic trap.
Elastic, so both momentum and kinetic energy are conserved, I'll use the standard result.
Light cart leaves at 2 m1 over m1 plus m2 times v, four metres per second.
It could climb v squared over 2g, about 0.82 metres, more than 0.5, so yes it gets over.","In B1 you said straight away ""first the collision with momentum"" — what in the problem told you to split it that way?"
G31,original,rejected,,,A1;A2,"A1: A 2.0 kg block is released from rest at a height of 1.8 m on a frictionless ramp. At the bottom it collides with a 1.0 kg block at rest, and the two stick together. They then slide up a second frictionless ramp. How high do they rise?
A2: A 10 g bullet moving horizontally at 300 m/s embeds itself in a 2.0 kg wooden block hanging at rest from a 1.5 m string. What is the largest angle the string makes with the vertical?","Okay, block slides down, frictionless, so I get its speed at the bottom from energy.
Then they stick, so that part isn't energy, it's momentum, the collision loses energy.
Speed after is two thirds of the speed before, then energy again up the ramp.
Height scales with speed squared, so four ninths of 1.8, 0.8 metres. That's lower, which makes sense.
Bullet embeds, so again a sticking collision, momentum only for the impact.
Speed of block and bullet is about 1.49 metres per second, then it swings up, energy.
Rise is v squared over 2g, about 11 centimetres, and cos theta is one minus h over L, so around 22 degrees.
The word ""stick"" is the tip-off — anytime objects collide and stay together, kinetic energy isn't conserved, so I can't use energy conservation across that step. But momentum is always conserved in a collision regardless of what happens to energy, so that's the tool for the impact itself. I just bracket the collision separately: energy going in, momentum through the crash, energy coming back out.
It's a quick sanity check, not a proof — a sticking collision always dissipates energy, so the block-plus-block system must rise lower than the original 1.8 m drop. If I'd gotten something equal to or higher than 1.8 m, I'd know I'd made an error, maybe mixed up the mass ratio or squared something I shouldn't have. Getting 0.8 m, comfortably less than 1.8, told me the physics was pointing the right direction, so I moved on.
I could have plugged straight into the height formula symbolically without ever naming that two-thirds ratio explicitly — just carried m1 v1 = (m1+m2) v2 through algebraically and let the numbers fall out at the end. I like pausing on that ratio though, because it's a clean, portable number: two-thirds speed means four-ninths energy, and I can immediately sanity-check that against the mass ratio being 2-to-3 before the collision. It also gives me something to double check independently if the final answer looks off.
If the ramps weren't frictionless, or if the problem said the second ramp had some incline that mattered beyond height, I couldn't just use plain energy conservation for the sliding parts — I'd need to bring in work done against friction. Also, if the blocks bounced apart instead of sticking, I'd need a coefficient of restitution or two equations instead of just lumping them into one combined mass. Either of those would've told me my clean ""energy-momentum-energy"" bracketing wasn't sufficient anymore.
The classic mistake is trying to use energy conservation straight through the collision — treating the whole problem as one continuous energy story instead of stopping to swap tools. A student will often set (1/2)(2)(v1)^2 equal to (1/2)(3)(v2)^2 across the crash itself, which quietly assumes no energy is lost, and that's exactly false when things stick. The fix is just discipline: energy down, momentum through the collision, energy up, and don't let any single equation try to span the collision.
The word ""embeds"" is the giveaway, same as ""stick"" in A1 — the bullet doesn't bounce off, it lodges in the wood, so kinetic energy is definitely lost right there. That means momentum conservation for the impact, using the combined bullet-plus-block mass afterward, and then switching to energy conservation for the swing up. The string and pendulum motion afterward is a separate physical regime, so I treat it as its own energy problem once I have that post-collision speed.
I just eyeballed the orders of magnitude — a bullet in a two-kilogram block should only give you a slow crawl, so 1.5 m/s felt right compared to the 300 m/s going in, that's the mass ratio doing its job. From there, v squared over 2g for something that slow gives you a small rise, a handful of centimeters, not meters, which matches a pendulum that barely swings. And 22 degrees off a 1.5 m string with an 11 cm rise is geometrically modest — nowhere near 90, so nothing jumped out as absurd.","In A2, at the point where you wrote ""cos theta is one minus h over L"" — what else could you have done there instead?"
G32,variant,rewritten,subtle,sign convention / vector direction of the velocities,A1;A2,"A1: A 2.0 kg block is released from rest at a height of 1.8 m on a frictionless ramp. At the bottom it collides with a 1.0 kg block at rest, and the two stick together. They then slide up a second frictionless ramp. How high do they rise?
A2: A 10 g bullet moving horizontally at 300 m/s embeds itself in a 2.0 kg wooden block hanging at rest from a 1.5 m string. What is the largest angle the string makes with the vertical?","Okay, block slides down, frictionless, so I get its speed at the bottom from energy.
Then they stick, so that part isn't energy, it's momentum, the collision loses energy.
Speed after is two thirds of the speed before, then energy again up the ramp.
Height scales with speed squared, so four ninths of 1.8, 0.8 metres. That's lower, which makes sense.
Bullet embeds, so again a sticking collision, momentum only for the impact.
Speed of block and bullet is about 1.49 metres per second, then it swings up, energy.
Rise is v squared over 2g, about 11 centimetres, and cos theta is one minus h over L, so around 22 degrees.
The word ""collide"" plus ""stick together"" is the giveaway — anytime objects merge into one, kinetic energy isn't conserved because some goes into deformation or heat, but momentum still is, since there's no external horizontal force during that brief contact. So I pattern-match on that phrase and immediately switch tools: momentum for the collision itself, energy for the smooth ramp motion before and after. It's really just recognizing which physical law applies to which phase of the motion.
It's a quick sanity check, not a proof — I know a perfectly inelastic collision always dissipates energy, so the block system must rise lower than the original 1.8 metres, never equal or higher. If I'd gotten something like 1.8 or 2.5 metres, I'd know immediately I'd mixed up energy and momentum somewhere. It's really just a plausibility filter I run automatically before moving on.","Still on A1: at ""Speed after is two thirds of the speed before"" — might a first-year student get confused about which way each block is heading at that moment?"
G33,original,accepted,,,A1;A2,"A1: A 2.0 kg block is released from rest at a height of 1.8 m on a frictionless ramp. At the bottom it collides with a 1.0 kg block at rest, and the two stick together. They then slide up a second frictionless ramp. How high do they rise?
A2: A 10 g bullet moving horizontally at 300 m/s embeds itself in a 2.0 kg wooden block hanging at rest from a 1.5 m string. What is the largest angle the string makes with the vertical?","Okay, block slides down, frictionless, so I get its speed at the bottom from energy.
Then they stick, so that part isn't energy, it's momentum, the collision loses energy.
Speed after is two thirds of the speed before, then energy again up the ramp.
Height scales with speed squared, so four ninths of 1.8, 0.8 metres. That's lower, which makes sense.
Bullet embeds, so again a sticking collision, momentum only for the impact.
Speed of block and bullet is about 1.49 metres per second, then it swings up, energy.
Rise is v squared over 2g, about 11 centimetres, and cos theta is one minus h over L, so around 22 degrees.
The word ""collide"" plus ""stick together"" is the giveaway — anytime objects merge into one, kinetic energy isn't conserved because some goes into deformation or heat, but momentum still is, since there's no external horizontal force during that brief contact. So I pattern-match on that phrase and immediately switch tools: momentum for the collision itself, energy for the smooth ramp motion before and after. It's really just recognizing which physical law applies to which phase of the motion.
It's a quick sanity check, not a proof — I know a perfectly inelastic collision always dissipates energy, so the block system must rise lower than the original 1.8 metres, never equal or higher. If I'd gotten something like 1.8 or 2.5 metres, I'd know immediately I'd mixed up energy and momentum somewhere. It's really just a plausibility filter I run automatically before moving on.
The classic mistake is plugging the pre-collision speed straight into the height formula, as if energy just carries through the collision unchanged — that's forgetting the merge happened at all. Or they try to conserve kinetic energy through the sticking collision itself, setting the two KEs equal instead of the momenta, which gives a totally wrong speed. The mass ratio is also a common slip — using 2.0 over 3.0 correctly requires remembering it's momentum before over total mass after, not some energy fraction, so I always double check that the two-thirds comes from mv equalling (m+M)v', not from squaring anything.
I could've just plugged numbers all the way through instead of shortcutting — find v at bottom from mgh, get v' from momentum conservation, then set half (m+M)v'² equal to (m+M)gh' and solve for h' directly in meters per second. It's the same arithmetic, just done in stages rather than noticing that the ramp heights are proportional to velocity squared, which lets you skip straight to the ratio. I like the ratio trick because it's faster and it also doubles as that sanity check — but a student who isn't comfortable with proportional reasoning should absolutely just grind through the numbers explicitly.
If I'd found the speed after collision to be equal to or greater than the speed before, I'd know something was badly wrong — that would violate energy loss in a sticking collision, and I'd stop right there and recheck whether I'd actually used momentum conservation or accidentally conserved energy through the impact. Similarly, if the height had come out at 1.8 metres or higher, that's an immediate red flag the merge wasn't accounted for at all. Those checkpoints are non-negotiable for me before I trust the rest of the arithmetic.
It's the same signature as A1: a fast small mass merging permanently into a larger one, ""embeds"" being basically a synonym for ""sticks together."" Structurally it's identical — momentum conservation across the brief impact, then energy conservation for the smooth swing afterward. Once I see that merging language, I don't need to rethink the physics from scratch, I just recognize the same two-phase pattern and move through it.
I ran the arithmetic and checked scale: 11 centimetres out of a 1.5 metre string is a small fraction, so cos theta should be close to one, and 22 degrees is a modest swing — that all hangs together for a bullet losing most of its speed to a much heavier block. If h had come out comparable to L, or the angle near 90 degrees, I'd know I'd botched the mass ratio or dropped a square somewhere. It's the same kind of plausibility filter as before — small energy transferred, small swing, nothing exotic.
The alternative is straight geometry: theta equals arccos of (L minus h) over L, which is the same statement just written before I've simplified it — I just prefer canceling the L's first so I'm working with a clean small number like h over L instead of carrying the full length through the arccos. I could also have gone back to basics with the pendulum's vertical position, L cos theta below the pivot, and set L minus that equal to h — again identical, just more bookkeeping. I don't avoid it because it's wrong, only because it's an extra unnecessary step once you recognize the geometry.","On A2, at ""Speed of block and bullet is about 1.49 metres per second"" — where would a first-year student most likely trip up?"
G34,original,rejected,,,A1;A2,"A1: A 2.0 kg block is released from rest at a height of 1.8 m on a frictionless ramp. At the bottom it collides with a 1.0 kg block at rest, and the two stick together. They then slide up a second frictionless ramp. How high do they rise?
A2: A 10 g bullet moving horizontally at 300 m/s embeds itself in a 2.0 kg wooden block hanging at rest from a 1.5 m string. What is the largest angle the string makes with the vertical?","Okay, block slides down, frictionless, so I get its speed at the bottom from energy.
Then they stick, so that part isn't energy, it's momentum, the collision loses energy.
Speed after is two thirds of the speed before, then energy again up the ramp.
Height scales with speed squared, so four ninths of 1.8, 0.8 metres. That's lower, which makes sense.
Bullet embeds, so again a sticking collision, momentum only for the impact.
Speed of block and bullet is about 1.49 metres per second, then it swings up, energy.
Rise is v squared over 2g, about 11 centimetres, and cos theta is one minus h over L, so around 22 degrees.
The word ""collide with... at rest, and the two stick together"" is the tell — that's a perfectly inelastic collision, so kinetic energy isn't conserved through that step, but momentum still is since there are no external horizontal impulses during the brief impact. So I switch tools right there: energy for the slide down, momentum for the collision itself, then energy again for the rise afterward.
It's a sanity check, not a proof — sticking collisions always bleed off kinetic energy, so the rise afterward must be less than the drop before, and 0.8 m is indeed less than 1.8 m. If I'd gotten something equal to or greater than 1.8 m I'd know I'd made an error, maybe forgetting to combine the masses or misapplying momentum. It's a quick consistency check, the real verification is that the algebra with the mass ratio and momentum conservation is self-consistent.
I could have plugged in numbers explicitly — solved v from mgh, computed the momentum-conserved v', then squared that to get a new h — but that's just extra arithmetic with the same g's and factors canceling out. Since the ramp's the same shape, height and speed-squared are directly proportional, so tracking the ratio of speeds directly and squaring it saves a step and reduces chances for a numerical slip. It's the same physics, just skipping unnecessary intermediate numbers.
If the combined speed after collision had come out equal to or greater than the initial speed before sticking, I'd know something was wrong — that violates the basic fact that inelastic collisions dissipate energy. Similarly if the mass ratio factor had come out greater than one, that's a red flag, since two-thirds squared should always be less than one. Either of those would send me back to check whether I'd conserved momentum correctly or mixed up which masses go where.
The most common slip is treating the whole thing as one big energy conservation problem — using mgh from the top all the way to the final rise, ignoring that a collision happens in between. That silently assumes kinetic energy is conserved through the sticking, which it isn't, and they'd get 1.8 m back out, which is exactly the wrong-looks-right trap. Another common one is using the wrong mass in momentum conservation — forgetting that the momentum equation needs the combined mass on one side after impact, but only the moving block's mass and speed before it. Either mistake, and you don't get the tell-tale ""lower than before"" answer.
""Embeds itself in"" is basically the same tell as ""stick together"" in A1 — it's telling me the bullet and block end up moving as one object, so it's perfectly inelastic. That means I can't use energy conservation across the impact itself, only momentum, and then switch to energy for the swing afterward since the string tension does no work and there's no friction there.
Same sanity check as before, roughly — the bullet's momentum, 0.01 times 300, is 3 kg·m/s, spread over a combined mass of about 2.01 kg, so I'd expect something on the order of one and a half metres per second, and 1.49 lines up with that rough division. It's also obviously much less than the bullet's original 300 m/s, which it has to be since it's now dragging along a 2 kg block. If I'd gotten something like 15 m/s or 0.15 m/s I'd know I'd misplaced a decimal or used the wrong mass in the denominator.
I could've gone through the pendulum's actual arc length or used the tension/centripetal condition at the top, but that's way more machinery than the problem needs — I only care about the maximum swing angle, and energy conservation gets me straight from speed to height without touching the dynamics of the swing itself. Once I have h, geometry gives me cos theta = 1 - h/L directly, so there's no need to parameterize the motion in time at all. Going the ""harder"" route would just be inviting extra trig and extra chances to slip.
If the height h had come out bigger than the string length L, that's an immediate red flag — cos theta would go negative or below -1 territory, which is nonsense for a pendulum that hasn't even gone past horizontal. Similarly, if h over L gave me something forcing cos theta outside the range minus one to one, I'd know I made an arithmetic slip somewhere in the velocity or the energy step. With h around 11 centimetres and L at 1.5 metres, the ratio's small and well-behaved, so that's another quiet confirmation I'm on the right track.
The classic mistake is using conservation of energy straight through from the bullet's initial speed to the swing height, ignoring that the embedding collision is inelastic — that gives a wildly inflated angle, maybe even more than 90 degrees, which should be an immediate red flag. Another common one is plugging the bullet's mass alone, or the block's mass alone, into the momentum equation instead of using the bullet's mass and speed against the combined mass afterward. Either error and you lose that ""much less than 300 m/s"" sanity check I rely on.
Honestly, a lot of students just write it down and move on — 90-some degrees doesn't obviously scream ""wrong"" to someone who hasn't built the habit of checking against the physical setup. They don't stop to ask whether a pendulum starting at rest can swing higher than horizontal with that string, which it can't without the bob going slack or over the top entirely. If they'd paused to picture the actual swing, or noticed the answer implies more energy in the swing than the bullet's collision could plausibly hand off, they'd catch it — but without that reflex, the number just gets circled and handed in.
It's just the mass ratio from momentum conservation — the moving block is 2.0 kg out of a combined 3.0 kg afterward, so m/(m+M) gives two-thirds directly, no need to compute an actual velocity number first. Since the incoming block carries all the momentum and nothing else is moving, v' equals that fraction times v, straight from p_initial equals p_final. It's a quick ratio I can read off the masses alone, which is part of why I skipped the intermediate numbers.","On A2 you wrote ""cos theta is one minus h over L"" — what in the setup told you that relation?"
G35,original,accepted,,,A1;A2,"A1: A 2.0 kg block is released from rest at a height of 1.8 m on a frictionless ramp. At the bottom it collides with a 1.0 kg block at rest, and the two stick together. They then slide up a second frictionless ramp. How high do they rise?
A2: A 10 g bullet moving horizontally at 300 m/s embeds itself in a 2.0 kg wooden block hanging at rest from a 1.5 m string. What is the largest angle the string makes with the vertical?","Okay, block slides down, frictionless, so I get its speed at the bottom from energy.
Then they stick, so that part isn't energy, it's momentum, the collision loses energy.
Speed after is two thirds of the speed before, then energy again up the ramp.
Height scales with speed squared, so four ninths of 1.8, 0.8 metres. That's lower, which makes sense.
Bullet embeds, so again a sticking collision, momentum only for the impact.
Speed of block and bullet is about 1.49 metres per second, then it swings up, energy.
Rise is v squared over 2g, about 11 centimetres, and cos theta is one minus h over L, so around 22 degrees.
The collision itself is the tip-off — whenever objects stick together and move as one afterward, that's a hallmark of a perfectly inelastic collision, and those conserve momentum, not kinetic energy. Before and after the collision, while each block moves independently on the frictionless ramp, energy is conserved fine. But the instant of sticking is a discontinuity where deformation and heat eat up some KE, so I have to switch tools right at that moment and switch back once they're moving together again.
It's a quick sanity check, not a rigorous proof — I know a sticking collision always bleeds off energy, so the mass-combined block simply can't rise as high as the original drop height. If I'd gotten something equal to or greater than 1.8 m, I'd know immediately I'd made an error, maybe forgetting to lose energy in the collision or mixing up masses. Getting 0.8, noticeably less than 1.8, matches that expectation, so it passed the smell test.
I could've plugged in numbers step by step — solved for the actual speed at the bottom in meters per second, then done the momentum equation with real numbers, then converted back to height. But keeping it symbolic as a ratio is faster and safer here, since I noticed the masses were 2 and 1 kg, so momentum conservation just gives me two-thirds of whatever the incoming speed is, no need to compute it explicitly. It also sets me up nicely for the energy step, since I need v-squared anyway, so squaring that fraction gets me straight to four-ninths without extra arithmetic.
The classic mistake is treating the whole problem as one big energy conservation from start to finish, ignoring that the collision itself isn't energy-conserving. Students see ""height, ramp, frictionless"" and just want to write mgh equals mgh all the way through, skipping the momentum step entirely. If you do that, you get 1.8 m back out, which looks clean but is wrong — it's actually a good diagnostic, because getting the original height back is a tell that someone forgot the collision loses energy.","Still on A1 avu what result along the way would have made you stop and rework the whole thing?"
G36,original,accepted,,,A1;A2,"A1: A 2.0 kg block is released from rest at a height of 1.8 m on a frictionless ramp. At the bottom it collides with a 1.0 kg block at rest, and the two stick together. They then slide up a second frictionless ramp. How high do they rise?
A2: A 10 g bullet moving horizontally at 300 m/s embeds itself in a 2.0 kg wooden block hanging at rest from a 1.5 m string. What is the largest angle the string makes with the vertical?","Okay, block slides down, frictionless, so I get its speed at the bottom from energy.
Then they stick, so that part isn't energy, it's momentum, the collision loses energy.
Speed after is two thirds of the speed before, then energy again up the ramp.
Height scales with speed squared, so four ninths of 1.8, 0.8 metres. That's lower, which makes sense.
Bullet embeds, so again a sticking collision, momentum only for the impact.
Speed of block and bullet is about 1.49 metres per second, then it swings up, energy.
Rise is v squared over 2g, about 11 centimetres, and cos theta is one minus h over L, so around 22 degrees.
The word ""collide"" and ""stick together"" — that's the giveaway, it's an inelastic collision, so kinetic energy just isn't conserved there. Any time two objects join together in a collision, I know some energy goes into deformation or heat, so I have to switch tools and use momentum conservation for that instant. Before and after that instant, though, it's back to smooth motion on the ramps, so energy conservation applies again there. It's really just pattern recognition from doing dozens of these — sticking equals momentum, smooth sliding equals energy.
It's a sanity check, not a proof — I know inelastic collisions always bleed off kinetic energy, so the system simply can't rise back to the original 1.8 metres. If I'd gotten something equal to or higher than the starting height, that would've told me I made an error, probably forgetting the mass ratio in the momentum step. Getting a smaller number is the right shape of answer, so it passes the smell test even before I trust the exact arithmetic.
I think students often forget that momentum conservation gives you a ratio involving the masses, not just some generic fraction — they'll either use the wrong masses or, worse, try to conserve kinetic energy right through the collision and get the wrong speed entirely. The other common slip is plugging in total mass incorrectly, forgetting it's momentum of the first block before impact equal to momentum of the combined mass after. So really it's two separate errors: reaching for the wrong conservation law, and then even if they pick momentum correctly, mishandling the algebra with the combined mass.
Sure, I could've skipped naming the speed explicitly and just chained the ratios symbolically — combine momentum conservation and energy conservation into one expression for height directly, so h_final equals h_initial times the square of the mass fraction, m1 over m1 plus m2, all squared. That avoids computing the intermediate velocity numerically and just tracks the algebra through in one go. I usually don't bother, though, because computing the actual speed at each stage helps me catch arithmetic errors and it also just feels more physical to me, like I'm watching the block actually move through each phase.
If I'd ended up with a rise equal to or greater than 1.8 metres, that's an immediate red flag — an inelastic collision can't give that back, so I'd know I'd botched the momentum step or accidentally conserved energy through the collision. Similarly, if the mass ratio had spit out something like the speed increasing after the stick, I'd stop right there, because combined mass moving faster than the incoming block violates basic momentum sense. Those are the kinds of results that would make me scrap the calculation and re-derive the velocity ratio from scratch rather than just double-checking arithmetic.
Same signature as A1, really — anytime something buries itself or sticks in something else, that's my cue it's a plastic collision, no ifs about it. The bullet ""embeds itself"" in the block, so I know instantly kinetic energy is not conserved during that impact, only momentum survives. After that, the block-plus-bullet swings on the string, which is smooth motion again, so energy conservation takes back over for the rise. It's the same two-phase pattern as the ramp problem, just dressed up with a pendulum instead of a second incline.","In A2 you got ""about 1.49 metres per second"" for the combined speed and then ""about 11 centimetres"" for the rise — how did you know those were right?"
G37,variant,rewritten,subtle,normal force at the curved bottom of the ramp (and whether it does work),A1;A2,"A1: A 2.0 kg block is released from rest at a height of 1.8 m on a frictionless ramp. At the bottom it collides with a 1.0 kg block at rest, and the two stick together. They then slide up a second frictionless ramp. How high do they rise?
A2: A 10 g bullet moving horizontally at 300 m/s embeds itself in a 2.0 kg wooden block hanging at rest from a 1.5 m string. What is the largest angle the string makes with the vertical?","Okay, block slides down, frictionless, so I get its speed at the bottom from energy.
Then they stick, so that part isn't energy, it's momentum, the collision loses energy.
Speed after is two thirds of the speed before, then energy again up the ramp.
Height scales with speed squared, so four ninths of 1.8, 0.8 metres. That's lower, which makes sense.
Bullet embeds, so again a sticking collision, momentum only for the impact.
Speed of block and bullet is about 1.49 metres per second, then it swings up, energy.
Rise is v squared over 2g, about 11 centimetres, and cos theta is one minus h over L, so around 22 degrees.
The word ""stick together"" — that's the giveaway. Any time objects collide and merge into one, you know kinetic energy isn't conserved because some gets converted to heat and deformation, so momentum has to be the tool, not energy. If they'd bounced apart elastically, I might've checked energy conservation too, but ""stick"" is basically a red flag telling me to switch mental modes right there.
It's a sanity check, not a proof — I know a perfectly inelastic collision always bleeds off kinetic energy, so the block-pair simply can't rise back to the original 1.8 m. Getting 0.8 m, which is comfortably less than 1.8, is consistent with that expectation, whereas if I'd gotten something like 1.5 or 2.0 m I'd immediately suspect an algebra slip. It's a quick physical plausibility filter I run on every answer before moving on.
I could've plugged numbers in right away without simplifying symbolically, but I like to get the ratio first — momentum conservation gives v' = m1/(m1+m2) times v, which is 2/3 here, independent of the actual speed value. That way I can see the structure of the answer, and it also sets me up nicely for the energy step afterward since height scales as the square of that ratio, four ninths, so I don't have to redo arithmetic from scratch. It's really just a preference for tracking the algebra symbolically before dropping in numbers — fewer chances to make a numerical slip that way.
If the ""height"" I calculated came out bigger than the original 1.8 m, that's an immediate red flag — impossible for an inelastic collision, so I'd know I mixed up energy and momentum somewhere, maybe conserved KE straight through the collision by mistake. Similarly if the ratio v'/v came out greater than 1, that violates momentum conservation with masses adding, so I'd stop right there. Basically any result that violates the ""collision must lose energy"" rule would send me back to check whether I'd applied momentum only at the collision step and energy only on the ramps, not blended them.",Still on A1 — would a first-year student slip on what the ramp is doing to the block as it curves round at the bottom?
G38,variant,rewritten,subtle,curvature at the crest (normal force / cart leaving the track),B1;B2,"B1: A 0.50 kg block sliding at 4.0 m/s on a frictionless surface hits and sticks to a 1.5 kg block at rest, which is attached to a horizontal spring (k = 200 N/m) whose other end is fixed to a wall. What is the maximum compression of the spring?
B2: A 2.0 kg cart moving at 3.0 m/s collides elastically with a 1.0 kg cart at rest on a frictionless track. The track ahead of the 1.0 kg cart rises over a hill 0.50 m high. Does the 1.0 kg cart make it over the hill?","Sticks to the block on the spring, so first the collision with momentum, speed one metre per second.
Then the pair compresses the spring, kinetic energy into spring energy, one joule equals a half k x squared.
x is 0.1 metres. I shouldn't use the initial kinetic energy, that's the classic trap.
Elastic, so both momentum and kinetic energy are conserved, I'll use the standard result.
Light cart leaves at 2 m1 over m1 plus m2 times v, four metres per second.
It could climb v squared over 2g, about 0.82 metres, more than 0.5, so yes it gets over.
The word ""sticks"" is the giveaway — that's a perfectly inelastic collision, so momentum conservation applies but kinetic energy isn't conserved during the collision itself. I know that energy gets conserved only after the collision, once the combined blocks compress the spring. So I have to do it in two stages: momentum first to get the shared velocity, then energy conservation from that point into the spring. Jumping straight to energy with the initial speed would ignore the energy lost when the blocks stick together.
A first-year often forgets that ""sticks together"" means kinetic energy is lost right there in the collision, so they'll take the block's original 4.0 m/s, plug it straight into a half m v squared equals a half k x squared, and get a compression that's way too large. They skip computing the post-collision velocity entirely and treat the whole system as if all the initial kinetic energy is available to compress the spring, which ignores the energy dissipated in the perfectly inelastic collision. It's a natural mistake because the numbers are right there and the two-step structure isn't obvious unless you've internalized that sticking equals an energy loss.
Quick sanity check on units and magnitude: k is 200 N/m, so a 0.1 m compression stores half times 200 times 0.01, which is 1 joule — that matches the kinetic energy I got from the 2 kg mass moving at 1 m/s after the collision, so the energy books balance. I also checked that 0.1 m is physically reasonable for a spring like this, not absurdly large or vanishingly small, so it passes the smell test.
The word ""elastic"" is the trigger — that's my cue that both momentum and kinetic energy conservation hold simultaneously, which is exactly the condition that lets you derive those closed-form velocity formulas for a two-body collision. Rather than re-deriving them from scratch every time, I recognize the setup — one cart at rest, elastic collision, unequal masses — as matching the standard textbook derivation, so I just recall the result for v1' and v2' in terms of the mass ratio. It saves time and reduces arithmetic error, since I've verified that derivation enough times to trust it.
I just used energy conservation converting all the kinetic energy into gravitational potential — half m v squared equals m g h, the mass cancels, so h equals v squared over 2g. With v equals 4, that's 16 over 19.6, which is roughly 0.82 metres. Since 0.82 is bigger than the 0.50 metre hill, the cart clears it, and the number felt right because 4 m/s is a decent clip for a cart, so climbing something less than a metre is entirely plausible.
I could have gone through Newton's second law with the spring force and set up the differential equation for simple harmonic motion, then found the amplitude that way — but that's massive overkill for just finding maximum compression. Energy conservation is the direct route: at maximum compression, all the kinetic energy of the combined blocks has converted to spring potential energy, since velocity is momentarily zero there. There's no reason to solve the full equation of motion when I only need one point in the motion, not the whole trajectory.
I could've written out the two conservation equations from scratch — momentum equals m1v1 plus m2v2, kinetic energy equals a half m1v1 squared plus a half m2v2 squared — and solved that pair simultaneously for v1' and v2'. It's a valid route, but it's more algebra than I need: substitution and quadratic terms, when the mass ratio formula already packages that exact derivation into one line. Since I've verified that formula many times before, pulling it from memory is faster and just as reliable as re-deriving it under time pressure.
If the two-stage numbers hadn't matched up — say, if the energy stored in the spring at 0.1 m didn't equal the kinetic energy of the combined mass moving at 1 m/s — that mismatch would've told me I'd made an arithmetic slip or, worse, conceptually mixed stages, like using the pre-collision speed somewhere it doesn't belong. Also, if I'd gotten a compression larger than what you'd expect from a 2 kg mass moving at just 1 m/s into a fairly stiff 200 N/m spring, that would've been a red flag that I'd accidentally smuggled in the original 4 m/s. Basically any result that felt disproportionate to the post-collision energy, not the pre-collision energy, would have made me go back and check whether I'd actually done the momentum step before the energy step.","On B2, would anything about the shape of the top of the hill have stopped you and made you rethink the answer?"
G39,variant,rewritten,explicit,impulse from the spring (external force) during the collision,B1;B2,"B1: A 0.50 kg block sliding at 4.0 m/s on a frictionless surface hits and sticks to a 1.5 kg block at rest, which is attached to a horizontal spring (k = 200 N/m) whose other end is fixed to a wall. What is the maximum compression of the spring?
B2: A 2.0 kg cart moving at 3.0 m/s collides elastically with a 1.0 kg cart at rest on a frictionless track. The track ahead of the 1.0 kg cart rises over a hill 0.50 m high. Does the 1.0 kg cart make it over the hill?","Sticks to the block on the spring, so first the collision with momentum, speed one metre per second.
Then the pair compresses the spring, kinetic energy into spring energy, one joule equals a half k x squared.
x is 0.1 metres. I shouldn't use the initial kinetic energy, that's the classic trap.
Elastic, so both momentum and kinetic energy are conserved, I'll use the standard result.
Light cart leaves at 2 m1 over m1 plus m2 times v, four metres per second.
It could climb v squared over 2g, about 0.82 metres, more than 0.5, so yes it gets over.","In B1 you opened with ""first the collision with momentum"" — did you check whether the spring exerts an impulse on the blocks during that collision?"
G40,original,accepted,,,A1;A2,"A1: A 2.0 kg block is released from rest at a height of 1.8 m on a frictionless ramp. At the bottom it collides with a 1.0 kg block at rest, and the two stick together. They then slide up a second frictionless ramp. How high do they rise?
A2: A 10 g bullet moving horizontally at 300 m/s embeds itself in a 2.0 kg wooden block hanging at rest from a 1.5 m string. What is the largest angle the string makes with the vertical?","Okay, block slides down, frictionless, so I get its speed at the bottom from energy.
Then they stick, so that part isn't energy, it's momentum, the collision loses energy.
Speed after is two thirds of the speed before, then energy again up the ramp.
Height scales with speed squared, so four ninths of 1.8, 0.8 metres. That's lower, which makes sense.
Bullet embeds, so again a sticking collision, momentum only for the impact.
Speed of block and bullet is about 1.49 metres per second, then it swings up, energy.
Rise is v squared over 2g, about 11 centimetres, and cos theta is one minus h over L, so around 22 degrees.
The word ""stick"" is the tip-off — anytime objects collide and stay together, kinetic energy isn't conserved, so I can't use energy conservation across that step. But momentum is always conserved in a collision regardless of what happens to energy, so that's the tool for the impact itself. I just bracket the collision separately: energy going in, momentum through the crash, energy coming back out.
It's a quick sanity check, not a proof — a sticking collision always dissipates energy, so the block-plus-block system must rise lower than the original 1.8 m drop. If I'd gotten something equal to or higher than 1.8 m, I'd know I'd made an error, maybe mixed up the mass ratio or squared something I shouldn't have. Getting 0.8 m, comfortably less than 1.8, told me the physics was pointing the right direction, so I moved on.
I could have plugged straight into the height formula symbolically without ever naming that two-thirds ratio explicitly — just carried m1 v1 = (m1+m2) v2 through algebraically and let the numbers fall out at the end. I like pausing on that ratio though, because it's a clean, portable number: two-thirds speed means four-ninths energy, and I can immediately sanity-check that against the mass ratio being 2-to-3 before the collision. It also gives me something to double check independently if the final answer looks off.
If the ramps weren't frictionless, or if the problem said the second ramp had some incline that mattered beyond height, I couldn't just use plain energy conservation for the sliding parts — I'd need to bring in work done against friction. Also, if the blocks bounced apart instead of sticking, I'd need a coefficient of restitution or two equations instead of just lumping them into one combined mass. Either of those would've told me my clean ""energy-momentum-energy"" bracketing wasn't sufficient anymore.","Still on A1 — at the step where you went from 0.8 m back through the whole chain, where would a first-year student most likely go wrong?"
G41,original,accepted,,,A1;A2,"A1: A 2.0 kg block is released from rest at a height of 1.8 m on a frictionless ramp. At the bottom it collides with a 1.0 kg block at rest, and the two stick together. They then slide up a second frictionless ramp. How high do they rise?
A2: A 10 g bullet moving horizontally at 300 m/s embeds itself in a 2.0 kg wooden block hanging at rest from a 1.5 m string. What is the largest angle the string makes with the vertical?","Okay, block slides down, frictionless, so I get its speed at the bottom from energy.
Then they stick, so that part isn't energy, it's momentum, the collision loses energy.
Speed after is two thirds of the speed before, then energy again up the ramp.
Height scales with speed squared, so four ninths of 1.8, 0.8 metres. That's lower, which makes sense.
Bullet embeds, so again a sticking collision, momentum only for the impact.
Speed of block and bullet is about 1.49 metres per second, then it swings up, energy.
Rise is v squared over 2g, about 11 centimetres, and cos theta is one minus h over L, so around 22 degrees.
The collision itself is the tip-off — whenever objects stick together and move as one afterward, that's a hallmark of a perfectly inelastic collision, and those conserve momentum, not kinetic energy. Before and after the collision, while each block moves independently on the frictionless ramp, energy is conserved fine. But the instant of sticking is a discontinuity where deformation and heat eat up some KE, so I have to switch tools right at that moment and switch back once they're moving together again.
It's a quick sanity check, not a rigorous proof — I know a sticking collision always bleeds off energy, so the mass-combined block simply can't rise as high as the original drop height. If I'd gotten something equal to or greater than 1.8 m, I'd know immediately I'd made an error, maybe forgetting to lose energy in the collision or mixing up masses. Getting 0.8, noticeably less than 1.8, matches that expectation, so it passed the smell test.
I could've plugged in numbers step by step — solved for the actual speed at the bottom in meters per second, then done the momentum equation with real numbers, then converted back to height. But keeping it symbolic as a ratio is faster and safer here, since I noticed the masses were 2 and 1 kg, so momentum conservation just gives me two-thirds of whatever the incoming speed is, no need to compute it explicitly. It also sets me up nicely for the energy step, since I need v-squared anyway, so squaring that fraction gets me straight to four-ninths without extra arithmetic.
The classic mistake is treating the whole problem as one big energy conservation from start to finish, ignoring that the collision itself isn't energy-conserving. Students see ""height, ramp, frictionless"" and just want to write mgh equals mgh all the way through, skipping the momentum step entirely. If you do that, you get 1.8 m back out, which looks clean but is wrong — it's actually a good diagnostic, because getting the original height back is a tell that someone forgot the collision loses energy.
Honestly, the biggest red flag would've been if that velocity ratio had come out greater than one — like if I'd somehow gotten the combined block moving faster than the incoming block. That's a physical impossibility for a perfectly inelastic collision, since sticking together always dissipates energy, never adds it. I'd also stop short if the height came out negative or larger than 1.8 m, since either one tells me I botched a sign or mixed up which mass goes where in the momentum ratio.
""Embeds itself"" is basically the giveaway phrase — the bullet doesn't bounce off or pass through, it lodges inside the block and they move together afterward, which is exactly the signature of a perfectly inelastic collision. That's structurally identical to the two blocks sticking in A1, just dressed up with a bullet and a string instead of ramps. So I knew immediately: momentum conservation for the impact itself, then switch to energy conservation for the swing afterward.
I just eyeballed the mass ratio — the bullet's only 10 grams against a 2 kilogram block, so it's roughly a 1-to-200 mass ratio, meaning the combined speed should be a tiny fraction of the bullet's 300 m/s. Dividing 300 by roughly 201 gives you something close to 1.5, so 1.49 looked right in that ballpark. If I'd gotten something like 15 m/s or 0.15 m/s, that would've told me I dropped a decimal or mixed up which mass goes in the denominator.
I could've found the horizontal displacement directly or tried some other trig relation, but the geometry here is cleanest through the height the block rises on its circular arc. Since the string has fixed length L, the vertical drop from the string's attachment point relates to theta through L minus L cos theta — that's just the geometry of a pendulum swinging up. So once I have h from energy conservation, solving cos theta equals one minus h over L is the most direct path to the angle, no need to mess with arc length or horizontal components.
If cos theta had popped out negative or greater than one, I'd know something was badly wrong — that would mean either h was bigger than L, which is geometrically impossible for a pendulum, or I'd made an arithmetic slip somewhere upstream in the velocity or energy step. Similarly, if theta had come out absurdly large, like 80 or 90 degrees, that's way more than a gram of bullet momentum should produce against a 2 kg block, so I'd go back and check the mass ratio and velocity calculation first.
The most common slip is using the bullet's original 300 m/s in the energy equation instead of the post-collision 1.49 m/s — treating the whole thing as one continuous energy conservation, same mistake as the ramp problem. That gives you a wildly inflated height and an angle that's nonsensical, well past 90 degrees. Students forget that the embedding step itself burns off almost all the kinetic energy, since the bullet's momentum gets spread over such a huge mass increase.
It comes from the mass ratio again — kinetic energy lost in a perfectly inelastic collision scales roughly like the ratio of the small mass to the total mass, so with a 10 g bullet against a 2 kg block, you're keeping only about 1/200th of the momentum's worth of speed, which translates to keeping an even tinier fraction of the energy. Since KE goes as v-squared, dropping the speed by a factor of ~200 crushes the energy by a factor of ~40,000, so it's obvious most of that energy just went into heat and deformation. That's why I don't even need to compute it precisely to say ""almost all"" — the arithmetic of squaring such a small ratio makes it intuitively obvious.","Back to A2 for a moment 
 you said after the impact ""it swings up, energy."" What about the setup at that point told you energy was the right tool for the swing?"
G42,variant,rewritten,explicit,energy bar charts (a representation),A1;A2,"A1: A 2.0 kg block is released from rest at a height of 1.8 m on a frictionless ramp. At the bottom it collides with a 1.0 kg block at rest, and the two stick together. They then slide up a second frictionless ramp. How high do they rise?
A2: A 10 g bullet moving horizontally at 300 m/s embeds itself in a 2.0 kg wooden block hanging at rest from a 1.5 m string. What is the largest angle the string makes with the vertical?","Okay, block slides down, frictionless, so I get its speed at the bottom from energy.
Then they stick, so that part isn't energy, it's momentum, the collision loses energy.
Speed after is two thirds of the speed before, then energy again up the ramp.
Height scales with speed squared, so four ninths of 1.8, 0.8 metres. That's lower, which makes sense.
Bullet embeds, so again a sticking collision, momentum only for the impact.
Speed of block and bullet is about 1.49 metres per second, then it swings up, energy.
Rise is v squared over 2g, about 11 centimetres, and cos theta is one minus h over L, so around 22 degrees.
The word ""collide with... at rest, and the two stick together"" is the tell — that's a perfectly inelastic collision, so kinetic energy isn't conserved through that step, but momentum still is since there are no external horizontal impulses during the brief impact. So I switch tools right there: energy for the slide down, momentum for the collision itself, then energy again for the rise afterward.
It's a sanity check, not a proof — sticking collisions always bleed off kinetic energy, so the rise afterward must be less than the drop before, and 0.8 m is indeed less than 1.8 m. If I'd gotten something equal to or greater than 1.8 m I'd know I'd made an error, maybe forgetting to combine the masses or misapplying momentum. It's a quick consistency check, the real verification is that the algebra with the mass ratio and momentum conservation is self-consistent.
I could have plugged in numbers explicitly — solved v from mgh, computed the momentum-conserved v', then squared that to get a new h — but that's just extra arithmetic with the same g's and factors canceling out. Since the ramp's the same shape, height and speed-squared are directly proportional, so tracking the ratio of speeds directly and squaring it saves a step and reduces chances for a numerical slip. It's the same physics, just skipping unnecessary intermediate numbers.
If the combined speed after collision had come out equal to or greater than the initial speed before sticking, I'd know something was wrong — that violates the basic fact that inelastic collisions dissipate energy. Similarly if the mass ratio factor had come out greater than one, that's a red flag, since two-thirds squared should always be less than one. Either of those would send me back to check whether I'd conserved momentum correctly or mixed up which masses go where.","On A1, would a first-year student most likely go wrong by not drawing an energy bar chart for each of the three steps?"
G43,original,rejected,,,A1;A2,"A1: A 2.0 kg block is released from rest at a height of 1.8 m on a frictionless ramp. At the bottom it collides with a 1.0 kg block at rest, and the two stick together. They then slide up a second frictionless ramp. How high do they rise?
A2: A 10 g bullet moving horizontally at 300 m/s embeds itself in a 2.0 kg wooden block hanging at rest from a 1.5 m string. What is the largest angle the string makes with the vertical?","Okay, block slides down, frictionless, so I get its speed at the bottom from energy.
Then they stick, so that part isn't energy, it's momentum, the collision loses energy.
Speed after is two thirds of the speed before, then energy again up the ramp.
Height scales with speed squared, so four ninths of 1.8, 0.8 metres. That's lower, which makes sense.
Bullet embeds, so again a sticking collision, momentum only for the impact.
Speed of block and bullet is about 1.49 metres per second, then it swings up, energy.
Rise is v squared over 2g, about 11 centimetres, and cos theta is one minus h over L, so around 22 degrees.
The word ""collide"" and ""stick together"" — that's the giveaway, it's an inelastic collision, so kinetic energy just isn't conserved there. Any time two objects join together in a collision, I know some energy goes into deformation or heat, so I have to switch tools and use momentum conservation for that instant. Before and after that instant, though, it's back to smooth motion on the ramps, so energy conservation applies again there. It's really just pattern recognition from doing dozens of these — sticking equals momentum, smooth sliding equals energy.
It's a sanity check, not a proof — I know inelastic collisions always bleed off kinetic energy, so the system simply can't rise back to the original 1.8 metres. If I'd gotten something equal to or higher than the starting height, that would've told me I made an error, probably forgetting the mass ratio in the momentum step. Getting a smaller number is the right shape of answer, so it passes the smell test even before I trust the exact arithmetic.
I think students often forget that momentum conservation gives you a ratio involving the masses, not just some generic fraction — they'll either use the wrong masses or, worse, try to conserve kinetic energy right through the collision and get the wrong speed entirely. The other common slip is plugging in total mass incorrectly, forgetting it's momentum of the first block before impact equal to momentum of the combined mass after. So really it's two separate errors: reaching for the wrong conservation law, and then even if they pick momentum correctly, mishandling the algebra with the combined mass.
Sure, I could've skipped naming the speed explicitly and just chained the ratios symbolically — combine momentum conservation and energy conservation into one expression for height directly, so h_final equals h_initial times the square of the mass fraction, m1 over m1 plus m2, all squared. That avoids computing the intermediate velocity numerically and just tracks the algebra through in one go. I usually don't bother, though, because computing the actual speed at each stage helps me catch arithmetic errors and it also just feels more physical to me, like I'm watching the block actually move through each phase.
If I'd ended up with a rise equal to or greater than 1.8 metres, that's an immediate red flag — an inelastic collision can't give that back, so I'd know I'd botched the momentum step or accidentally conserved energy through the collision. Similarly, if the mass ratio had spit out something like the speed increasing after the stick, I'd stop right there, because combined mass moving faster than the incoming block violates basic momentum sense. Those are the kinds of results that would make me scrap the calculation and re-derive the velocity ratio from scratch rather than just double-checking arithmetic.
Same signature as A1, really — anytime something buries itself or sticks in something else, that's my cue it's a plastic collision, no ifs about it. The bullet ""embeds itself"" in the block, so I know instantly kinetic energy is not conserved during that impact, only momentum survives. After that, the block-plus-bullet swings on the string, which is smooth motion again, so energy conservation takes back over for the rise. It's the same two-phase pattern as the ramp problem, just dressed up with a pendulum instead of a second incline.
The bullet's 10 grams against a 2 kilo block, so the speed should drop by roughly a factor of two hundred, and 300 over 201 landing near 1.5 felt right on inspection. Then for the rise, a slow swing like that shouldn't lift the pendulum far, and 11 centimeters out of a 1.5 meter string is a small fraction, consistent with such a modest speed. If I'd gotten something like half a meter of rise, I'd have known immediately something was off, since that speed just doesn't carry enough energy for a big swing.
I think the trap there is geometry, not physics — students want to just plug h over L straight into an inverse cosine without realizing the string's vertical drop from the pivot is L minus h, not h itself. So they either forget the ""one minus"" part entirely, or they mix up sine and cosine for the angle from vertical versus the angle from horizontal. It's a classic case of the physics being done correctly upstream — momentum then energy — but then losing the marks on the last trigonometric bookkeeping step.","In A2, at the point where you wrote the rise as v squared over 2g and then converted to an angle — what other way could you have gotten that angle?"
G44,original,accepted,,,B1;B2,"B1: A 0.50 kg block sliding at 4.0 m/s on a frictionless surface hits and sticks to a 1.5 kg block at rest, which is attached to a horizontal spring (k = 200 N/m) whose other end is fixed to a wall. What is the maximum compression of the spring?
B2: A 2.0 kg cart moving at 3.0 m/s collides elastically with a 1.0 kg cart at rest on a frictionless track. The track ahead of the 1.0 kg cart rises over a hill 0.50 m high. Does the 1.0 kg cart make it over the hill?","Sticks to the block on the spring, so first the collision with momentum, speed one metre per second.
Then the pair compresses the spring, kinetic energy into spring energy, one joule equals a half k x squared.
x is 0.1 metres. I shouldn't use the initial kinetic energy, that's the classic trap.
Elastic, so both momentum and kinetic energy are conserved, I'll use the standard result.
Light cart leaves at 2 m1 over m1 plus m2 times v, four metres per second.
It could climb v squared over 2g, about 0.82 metres, more than 0.5, so yes it gets over.
The word ""sticks"" is the giveaway—that's perfectly inelastic, so I know energy isn't conserved in the collision itself and I have to handle it in two separate stages. If I'd tried to lump the initial kinetic energy straight into the spring equation, I'd be ignoring that energy loss, which is exactly the trap I flagged. So structurally, momentum conservation for the collision has to come first, and only after I have the post-collision velocity do I switch to energy conservation for the spring compression.
I checked it two ways: dimensionally and by ballpark. Half times 200 times 0.01 gives exactly 1 joule, matching the kinetic energy I computed from the 1 m/s combined velocity, so the arithmetic closes cleanly. I also sanity-checked the size—10 centimeters of compression for a spring that stiff with only 1 joule of energy feels physically reasonable, not absurdly large or small. That agreement between the algebra and my intuition is what told me I hadn't fallen into the trap of using the wrong energy.
The problem explicitly says ""collides elastically,"" so that's a direct flag—no need to derive from scratch. For a 1D elastic collision I know the final velocities reduce to standard formulas in terms of the mass ratio, so I just recalled that result rather than re-deriving momentum and energy equations simultaneously. It's a pattern-matched shortcut: ""elastic collision, one mass initially at rest"" immediately calls up that formula in my memory.
I just converted the kinetic energy after collision into gravitational potential energy—no friction, so all of it goes into height, and that's the standard formula for how high something climbs with a given launch speed. Sixteen over ten is 1.6, divide by two is 0.8, so 0.82 meters felt right by mental math. And it's comfortably bigger than the half-meter hill, so the conclusion is robust even if I'm off by a little in the arithmetic.","Back in B1, at the point where you had the 1 m/s combined velocity and moved to the spring — what other routes to the maximum compression were open to you there, and why did you not take them?"
G45,variant,rewritten,explicit,impulse approximation (collision over before the pendulum moves),A1;A2,"A1: A 2.0 kg block is released from rest at a height of 1.8 m on a frictionless ramp. At the bottom it collides with a 1.0 kg block at rest, and the two stick together. They then slide up a second frictionless ramp. How high do they rise?
A2: A 10 g bullet moving horizontally at 300 m/s embeds itself in a 2.0 kg wooden block hanging at rest from a 1.5 m string. What is the largest angle the string makes with the vertical?","Okay, block slides down, frictionless, so I get its speed at the bottom from energy.
Then they stick, so that part isn't energy, it's momentum, the collision loses energy.
Speed after is two thirds of the speed before, then energy again up the ramp.
Height scales with speed squared, so four ninths of 1.8, 0.8 metres. That's lower, which makes sense.
Bullet embeds, so again a sticking collision, momentum only for the impact.
Speed of block and bullet is about 1.49 metres per second, then it swings up, energy.
Rise is v squared over 2g, about 11 centimetres, and cos theta is one minus h over L, so around 22 degrees.
The collision itself is the tip-off — whenever objects stick together and move as one afterward, that's a hallmark of a perfectly inelastic collision, and those conserve momentum, not kinetic energy. Before and after the collision, while each block moves independently on the frictionless ramp, energy is conserved fine. But the instant of sticking is a discontinuity where deformation and heat eat up some KE, so I have to switch tools right at that moment and switch back once they're moving together again.
It's a quick sanity check, not a rigorous proof — I know a sticking collision always bleeds off energy, so the mass-combined block simply can't rise as high as the original drop height. If I'd gotten something equal to or greater than 1.8 m, I'd know immediately I'd made an error, maybe forgetting to lose energy in the collision or mixing up masses. Getting 0.8, noticeably less than 1.8, matches that expectation, so it passed the smell test.
I could've plugged in numbers step by step — solved for the actual speed at the bottom in meters per second, then done the momentum equation with real numbers, then converted back to height. But keeping it symbolic as a ratio is faster and safer here, since I noticed the masses were 2 and 1 kg, so momentum conservation just gives me two-thirds of whatever the incoming speed is, no need to compute it explicitly. It also sets me up nicely for the energy step, since I need v-squared anyway, so squaring that fraction gets me straight to four-ninths without extra arithmetic.
The classic mistake is treating the whole problem as one big energy conservation from start to finish, ignoring that the collision itself isn't energy-conserving. Students see ""height, ramp, frictionless"" and just want to write mgh equals mgh all the way through, skipping the momentum step entirely. If you do that, you get 1.8 m back out, which looks clean but is wrong — it's actually a good diagnostic, because getting the original height back is a tell that someone forgot the collision loses energy.
Honestly, the biggest red flag would've been if that velocity ratio had come out greater than one — like if I'd somehow gotten the combined block moving faster than the incoming block. That's a physical impossibility for a perfectly inelastic collision, since sticking together always dissipates energy, never adds it. I'd also stop short if the height came out negative or larger than 1.8 m, since either one tells me I botched a sign or mixed up which mass goes where in the momentum ratio.","Turning to A2 — you opened with ""bullet embeds, so again a sticking collision."" Did the impulse approximation, with the collision over before the string moves, tell you it was the same kind of situation?"
G46,variant,rewritten,explicit,limiting-case check (second mass going to zero),A1;A2,"A1: A 2.0 kg block is released from rest at a height of 1.8 m on a frictionless ramp. At the bottom it collides with a 1.0 kg block at rest, and the two stick together. They then slide up a second frictionless ramp. How high do they rise?
A2: A 10 g bullet moving horizontally at 300 m/s embeds itself in a 2.0 kg wooden block hanging at rest from a 1.5 m string. What is the largest angle the string makes with the vertical?","Okay, block slides down, frictionless, so I get its speed at the bottom from energy.
Then they stick, so that part isn't energy, it's momentum, the collision loses energy.
Speed after is two thirds of the speed before, then energy again up the ramp.
Height scales with speed squared, so four ninths of 1.8, 0.8 metres. That's lower, which makes sense.
Bullet embeds, so again a sticking collision, momentum only for the impact.
Speed of block and bullet is about 1.49 metres per second, then it swings up, energy.
Rise is v squared over 2g, about 11 centimetres, and cos theta is one minus h over L, so around 22 degrees.
The word ""stick"" is the tip-off — anytime objects collide and stay together, kinetic energy isn't conserved, so I can't use energy conservation across that step. But momentum is always conserved in a collision regardless of what happens to energy, so that's the tool for the impact itself. I just bracket the collision separately: energy going in, momentum through the crash, energy coming back out.","You ended A1 with ""0.8 metres. That's lower, which makes sense"" — did you check it against the limiting case where the second block has no mass?"
G47,variant,rewritten,subtle,deformation of the blocks (energy going into deformation),A1;A2,"A1: A 2.0 kg block is released from rest at a height of 1.8 m on a frictionless ramp. At the bottom it collides with a 1.0 kg block at rest, and the two stick together. They then slide up a second frictionless ramp. How high do they rise?
A2: A 10 g bullet moving horizontally at 300 m/s embeds itself in a 2.0 kg wooden block hanging at rest from a 1.5 m string. What is the largest angle the string makes with the vertical?","Okay, block slides down, frictionless, so I get its speed at the bottom from energy.
Then they stick, so that part isn't energy, it's momentum, the collision loses energy.
Speed after is two thirds of the speed before, then energy again up the ramp.
Height scales with speed squared, so four ninths of 1.8, 0.8 metres. That's lower, which makes sense.
Bullet embeds, so again a sticking collision, momentum only for the impact.
Speed of block and bullet is about 1.49 metres per second, then it swings up, energy.
Rise is v squared over 2g, about 11 centimetres, and cos theta is one minus h over L, so around 22 degrees.","In A1 you said right away ""that part isn't energy, it's momentum"" — was there anything about what happens to the blocks' shapes when they stick that told you that?"
G48,original,rejected,,,A1;A2,"A1: A 2.0 kg block is released from rest at a height of 1.8 m on a frictionless ramp. At the bottom it collides with a 1.0 kg block at rest, and the two stick together. They then slide up a second frictionless ramp. How high do they rise?
A2: A 10 g bullet moving horizontally at 300 m/s embeds itself in a 2.0 kg wooden block hanging at rest from a 1.5 m string. What is the largest angle the string makes with the vertical?","Okay, block slides down, frictionless, so I get its speed at the bottom from energy.
Then they stick, so that part isn't energy, it's momentum, the collision loses energy.
Speed after is two thirds of the speed before, then energy again up the ramp.
Height scales with speed squared, so four ninths of 1.8, 0.8 metres. That's lower, which makes sense.
Bullet embeds, so again a sticking collision, momentum only for the impact.
Speed of block and bullet is about 1.49 metres per second, then it swings up, energy.
Rise is v squared over 2g, about 11 centimetres, and cos theta is one minus h over L, so around 22 degrees.
The word ""stick"" is the tip-off — anytime objects collide and stay together, kinetic energy isn't conserved, so I can't use energy conservation across that step. But momentum is always conserved in a collision regardless of what happens to energy, so that's the tool for the impact itself. I just bracket the collision separately: energy going in, momentum through the crash, energy coming back out.
It's a quick sanity check, not a proof — a sticking collision always dissipates energy, so the block-plus-block system must rise lower than the original 1.8 m drop. If I'd gotten something equal to or higher than 1.8 m, I'd know I'd made an error, maybe mixed up the mass ratio or squared something I shouldn't have. Getting 0.8 m, comfortably less than 1.8, told me the physics was pointing the right direction, so I moved on.
I could have plugged straight into the height formula symbolically without ever naming that two-thirds ratio explicitly — just carried m1 v1 = (m1+m2) v2 through algebraically and let the numbers fall out at the end. I like pausing on that ratio though, because it's a clean, portable number: two-thirds speed means four-ninths energy, and I can immediately sanity-check that against the mass ratio being 2-to-3 before the collision. It also gives me something to double check independently if the final answer looks off.
If the ramps weren't frictionless, or if the problem said the second ramp had some incline that mattered beyond height, I couldn't just use plain energy conservation for the sliding parts — I'd need to bring in work done against friction. Also, if the blocks bounced apart instead of sticking, I'd need a coefficient of restitution or two equations instead of just lumping them into one combined mass. Either of those would've told me my clean ""energy-momentum-energy"" bracketing wasn't sufficient anymore.
The classic mistake is trying to use energy conservation straight through the collision — treating the whole problem as one continuous energy story instead of stopping to swap tools. A student will often set (1/2)(2)(v1)^2 equal to (1/2)(3)(v2)^2 across the crash itself, which quietly assumes no energy is lost, and that's exactly false when things stick. The fix is just discipline: energy down, momentum through the collision, energy up, and don't let any single equation try to span the collision.
The word ""embeds"" is the giveaway, same as ""stick"" in A1 — the bullet doesn't bounce off, it lodges in the wood, so kinetic energy is definitely lost right there. That means momentum conservation for the impact, using the combined bullet-plus-block mass afterward, and then switching to energy conservation for the swing up. The string and pendulum motion afterward is a separate physical regime, so I treat it as its own energy problem once I have that post-collision speed.
I just eyeballed the orders of magnitude — a bullet in a two-kilogram block should only give you a slow crawl, so 1.5 m/s felt right compared to the 300 m/s going in, that's the mass ratio doing its job. From there, v squared over 2g for something that slow gives you a small rise, a handful of centimeters, not meters, which matches a pendulum that barely swings. And 22 degrees off a 1.5 m string with an 11 cm rise is geometrically modest — nowhere near 90, so nothing jumped out as absurd.","Still on A2 — at the point where you wrote ""cos theta is one minus h over L,"" what other way could you have gotten the angle, and why this one?"
G49,original,accepted,,,A1;A2,"A1: A 2.0 kg block is released from rest at a height of 1.8 m on a frictionless ramp. At the bottom it collides with a 1.0 kg block at rest, and the two stick together. They then slide up a second frictionless ramp. How high do they rise?
A2: A 10 g bullet moving horizontally at 300 m/s embeds itself in a 2.0 kg wooden block hanging at rest from a 1.5 m string. What is the largest angle the string makes with the vertical?","Okay, block slides down, frictionless, so I get its speed at the bottom from energy.
Then they stick, so that part isn't energy, it's momentum, the collision loses energy.
Speed after is two thirds of the speed before, then energy again up the ramp.
Height scales with speed squared, so four ninths of 1.8, 0.8 metres. That's lower, which makes sense.
Bullet embeds, so again a sticking collision, momentum only for the impact.
Speed of block and bullet is about 1.49 metres per second, then it swings up, energy.
Rise is v squared over 2g, about 11 centimetres, and cos theta is one minus h over L, so around 22 degrees.
The word ""stick together"" — that's the giveaway. Any time objects collide and merge into one, you know kinetic energy isn't conserved because some gets converted to heat and deformation, so momentum has to be the tool, not energy. If they'd bounced apart elastically, I might've checked energy conservation too, but ""stick"" is basically a red flag telling me to switch mental modes right there.","You landed on ""four ninths of 1.8, 0.8 metres. That's lower, which makes sense."" How did you know that answer was right?"
G50,variant,rewritten,subtle,air resistance / drag during the swing,A1;A2,"A1: A 2.0 kg block is released from rest at a height of 1.8 m on a frictionless ramp. At the bottom it collides with a 1.0 kg block at rest, and the two stick together. They then slide up a second frictionless ramp. How high do they rise?
A2: A 10 g bullet moving horizontally at 300 m/s embeds itself in a 2.0 kg wooden block hanging at rest from a 1.5 m string. What is the largest angle the string makes with the vertical?","Okay, block slides down, frictionless, so I get its speed at the bottom from energy.
Then they stick, so that part isn't energy, it's momentum, the collision loses energy.
Speed after is two thirds of the speed before, then energy again up the ramp.
Height scales with speed squared, so four ninths of 1.8, 0.8 metres. That's lower, which makes sense.
Bullet embeds, so again a sticking collision, momentum only for the impact.
Speed of block and bullet is about 1.49 metres per second, then it swings up, energy.
Rise is v squared over 2g, about 11 centimetres, and cos theta is one minus h over L, so around 22 degrees.
The collision itself is the tip-off — whenever objects stick together and move as one afterward, that's a hallmark of a perfectly inelastic collision, and those conserve momentum, not kinetic energy. Before and after the collision, while each block moves independently on the frictionless ramp, energy is conserved fine. But the instant of sticking is a discontinuity where deformation and heat eat up some KE, so I have to switch tools right at that moment and switch back once they're moving together again.
It's a quick sanity check, not a rigorous proof — I know a sticking collision always bleeds off energy, so the mass-combined block simply can't rise as high as the original drop height. If I'd gotten something equal to or greater than 1.8 m, I'd know immediately I'd made an error, maybe forgetting to lose energy in the collision or mixing up masses. Getting 0.8, noticeably less than 1.8, matches that expectation, so it passed the smell test.
I could've plugged in numbers step by step — solved for the actual speed at the bottom in meters per second, then done the momentum equation with real numbers, then converted back to height. But keeping it symbolic as a ratio is faster and safer here, since I noticed the masses were 2 and 1 kg, so momentum conservation just gives me two-thirds of whatever the incoming speed is, no need to compute it explicitly. It also sets me up nicely for the energy step, since I need v-squared anyway, so squaring that fraction gets me straight to four-ninths without extra arithmetic.
The classic mistake is treating the whole problem as one big energy conservation from start to finish, ignoring that the collision itself isn't energy-conserving. Students see ""height, ramp, frictionless"" and just want to write mgh equals mgh all the way through, skipping the momentum step entirely. If you do that, you get 1.8 m back out, which looks clean but is wrong — it's actually a good diagnostic, because getting the original height back is a tell that someone forgot the collision loses energy.
Honestly, the biggest red flag would've been if that velocity ratio had come out greater than one — like if I'd somehow gotten the combined block moving faster than the incoming block. That's a physical impossibility for a perfectly inelastic collision, since sticking together always dissipates energy, never adds it. I'd also stop short if the height came out negative or larger than 1.8 m, since either one tells me I botched a sign or mixed up which mass goes where in the momentum ratio.
""Embeds itself"" is basically the giveaway phrase — the bullet doesn't bounce off or pass through, it lodges inside the block and they move together afterward, which is exactly the signature of a perfectly inelastic collision. That's structurally identical to the two blocks sticking in A1, just dressed up with a bullet and a string instead of ramps. So I knew immediately: momentum conservation for the impact itself, then switch to energy conservation for the swing afterward.
I just eyeballed the mass ratio — the bullet's only 10 grams against a 2 kilogram block, so it's roughly a 1-to-200 mass ratio, meaning the combined speed should be a tiny fraction of the bullet's 300 m/s. Dividing 300 by roughly 201 gives you something close to 1.5, so 1.49 looked right in that ballpark. If I'd gotten something like 15 m/s or 0.15 m/s, that would've told me I dropped a decimal or mixed up which mass goes in the denominator.
I could've found the horizontal displacement directly or tried some other trig relation, but the geometry here is cleanest through the height the block rises on its circular arc. Since the string has fixed length L, the vertical drop from the string's attachment point relates to theta through L minus L cos theta — that's just the geometry of a pendulum swinging up. So once I have h from energy conservation, solving cos theta equals one minus h over L is the most direct path to the angle, no need to mess with arc length or horizontal components.",Still on A2 — would anything about the air the block swings through have made you stop and start over?
G51,original,accepted,,,B1;B2,"B1: A 0.50 kg block sliding at 4.0 m/s on a frictionless surface hits and sticks to a 1.5 kg block at rest, which is attached to a horizontal spring (k = 200 N/m) whose other end is fixed to a wall. What is the maximum compression of the spring?
B2: A 2.0 kg cart moving at 3.0 m/s collides elastically with a 1.0 kg cart at rest on a frictionless track. The track ahead of the 1.0 kg cart rises over a hill 0.50 m high. Does the 1.0 kg cart make it over the hill?","Sticks to the block on the spring, so first the collision with momentum, speed one metre per second.
Then the pair compresses the spring, kinetic energy into spring energy, one joule equals a half k x squared.
x is 0.1 metres. I shouldn't use the initial kinetic energy, that's the classic trap.
Elastic, so both momentum and kinetic energy are conserved, I'll use the standard result.
Light cart leaves at 2 m1 over m1 plus m2 times v, four metres per second.
It could climb v squared over 2g, about 0.82 metres, more than 0.5, so yes it gets over.
Well, ""sticks to"" is the giveaway — that's perfectly inelastic, so kinetic energy isn't conserved through the collision itself, only momentum is. Once the blocks are stuck together and moving as one, then energy conservation kicks in for the spring compression phase, since that part is frictionless and nothing more is dissipated. So the physics naturally splits into two separate conservation laws for two separate stages, and mixing them up — say, trying to conserve energy across the collision — is exactly the mistake I want to avoid.
A first-year often just grabs the initial 4 m/s and plugs it straight into a half m v squared equals a half k x squared, completely skipping the collision. That treats the whole event as if kinetic energy survives the sticking, which it doesn't — some of it's lost as heat and deformation right at impact. So they'd overestimate the compression, because they're feeding in energy that was never actually available after the two blocks stuck together.
I did a quick sanity check: half of 2 kg times 1 m/s squared gives 1 joule, and setting that equal to a half times 200 times x squared gives x squared equal to 0.01, so x equals 0.1 metres. The number's clean and the magnitude feels right — a slow combined mass against a reasonably stiff spring shouldn't compress much more than a few centimetres, so 0.1 metres passed the smell test.
I could have gone through the spring's force and used equilibrium-style reasoning, or even set up the full differential equation for SHM, but that's overkill — energy conservation is just the cleanest path once I know the post-collision speed. I could also have tracked momentum through the compression, but the wall exerts an external force on the spring system, so momentum isn't conserved during that phase — only energy is, since the surface is frictionless. So really, energy conservation is the only sane route here, not just the convenient one.
If the resulting x had come out huge, like comparable to the block's own dimensions or bigger than a spring could physically compress, or if I'd gotten a negative number under the square root, that would tell me I'd mixed up a sign or units somewhere. Similarly, if the ""one metre per second"" from the collision had come out larger than the original 4 m/s, that's an immediate red flag since the struck mass can't end up faster than the incoming one in a perfectly inelastic collision. Basically any violation of those physical bounds would send me back to check whether I'd conserved the right quantity at the right stage.
The word ""elastic"" is explicit right in the problem statement, so that's my cue that both conservation laws apply simultaneously rather than just one. That's different from B1 — there's no sticking, no deformation, so I know I can reach straight for the standard elastic collision formulas instead of doing the two-stage bookkeeping. It's really just pattern recognition at that point: ""elastic"" plus two masses, one initially at rest, means I don't need to rederive anything from scratch.
I checked it against the known ratio for elastic collisions with one mass at rest: v2 equals 2m1 over m1 plus m2 times v1, so 2 times 2 over 3 times 3 gives 4 m/s. I also sanity-checked it against the general rule that the lighter cart should come off faster than the heavy cart's original speed, which it did — 4 is bigger than 3, and that's exactly what you expect when a heavier object hits a lighter stationary one. If I'd gotten something less than 3 m/s I'd have known immediately I'd mixed up the mass ratio.
I'd expect them to plug in the wrong speed entirely — maybe reusing the original 3 m/s of the heavy cart, forgetting that we care about the light cart's post-collision velocity of 4 m/s. Or they might mess up the energy-to-height conversion itself, forgetting the factor of a half or the mass cancels out entirely — students often want to leave mass in there when it shouldn't matter. Either error changes whether the cart clears the 0.5 metre hill, so it's worth flagging that this whole answer hinges on correctly identifying which velocity belongs to which object after the collision.","On B2, instead of reaching for the standard elastic result, what other route to the light cart's speed was open to you there?"
G52,variant,rewritten,explicit,centre-of-mass reference frame check,B1;B2,"B1: A 0.50 kg block sliding at 4.0 m/s on a frictionless surface hits and sticks to a 1.5 kg block at rest, which is attached to a horizontal spring (k = 200 N/m) whose other end is fixed to a wall. What is the maximum compression of the spring?
B2: A 2.0 kg cart moving at 3.0 m/s collides elastically with a 1.0 kg cart at rest on a frictionless track. The track ahead of the 1.0 kg cart rises over a hill 0.50 m high. Does the 1.0 kg cart make it over the hill?","Sticks to the block on the spring, so first the collision with momentum, speed one metre per second.
Then the pair compresses the spring, kinetic energy into spring energy, one joule equals a half k x squared.
x is 0.1 metres. I shouldn't use the initial kinetic energy, that's the classic trap.
Elastic, so both momentum and kinetic energy are conserved, I'll use the standard result.
Light cart leaves at 2 m1 over m1 plus m2 times v, four metres per second.
It could climb v squared over 2g, about 0.82 metres, more than 0.5, so yes it gets over.
Well, ""sticks to"" is the giveaway — that's perfectly inelastic, so kinetic energy isn't conserved through the collision itself, only momentum is. Once the blocks are stuck together and moving as one, then energy conservation kicks in for the spring compression phase, since that part is frictionless and nothing more is dissipated. So the physics naturally splits into two separate conservation laws for two separate stages, and mixing them up — say, trying to conserve energy across the collision — is exactly the mistake I want to avoid.
A first-year often just grabs the initial 4 m/s and plugs it straight into a half m v squared equals a half k x squared, completely skipping the collision. That treats the whole event as if kinetic energy survives the sticking, which it doesn't — some of it's lost as heat and deformation right at impact. So they'd overestimate the compression, because they're feeding in energy that was never actually available after the two blocks stuck together.
I did a quick sanity check: half of 2 kg times 1 m/s squared gives 1 joule, and setting that equal to a half times 200 times x squared gives x squared equal to 0.01, so x equals 0.1 metres. The number's clean and the magnitude feels right — a slow combined mass against a reasonably stiff spring shouldn't compress much more than a few centimetres, so 0.1 metres passed the smell test.
I could have gone through the spring's force and used equilibrium-style reasoning, or even set up the full differential equation for SHM, but that's overkill — energy conservation is just the cleanest path once I know the post-collision speed. I could also have tracked momentum through the compression, but the wall exerts an external force on the spring system, so momentum isn't conserved during that phase — only energy is, since the surface is frictionless. So really, energy conservation is the only sane route here, not just the convenient one.
If the resulting x had come out huge, like comparable to the block's own dimensions or bigger than a spring could physically compress, or if I'd gotten a negative number under the square root, that would tell me I'd mixed up a sign or units somewhere. Similarly, if the ""one metre per second"" from the collision had come out larger than the original 4 m/s, that's an immediate red flag since the struck mass can't end up faster than the incoming one in a perfectly inelastic collision. Basically any violation of those physical bounds would send me back to check whether I'd conserved the right quantity at the right stage.
The word ""elastic"" is explicit right in the problem statement, so that's my cue that both conservation laws apply simultaneously rather than just one. That's different from B1 — there's no sticking, no deformation, so I know I can reach straight for the standard elastic collision formulas instead of doing the two-stage bookkeeping. It's really just pattern recognition at that point: ""elastic"" plus two masses, one initially at rest, means I don't need to rederive anything from scratch.
I checked it against the known ratio for elastic collisions with one mass at rest: v2 equals 2m1 over m1 plus m2 times v1, so 2 times 2 over 3 times 3 gives 4 m/s. I also sanity-checked it against the general rule that the lighter cart should come off faster than the heavy cart's original speed, which it did — 4 is bigger than 3, and that's exactly what you expect when a heavier object hits a lighter stationary one. If I'd gotten something less than 3 m/s I'd have known immediately I'd mixed up the mass ratio.
I'd expect them to plug in the wrong speed entirely — maybe reusing the original 3 m/s of the heavy cart, forgetting that we care about the light cart's post-collision velocity of 4 m/s. Or they might mess up the energy-to-height conversion itself, forgetting the factor of a half or the mass cancels out entirely — students often want to leave mass in there when it shouldn't matter. Either error changes whether the cart clears the 0.5 metre hill, so it's worth flagging that this whole answer hinges on correctly identifying which velocity belongs to which object after the collision.
I could've written the two conservation equations from scratch — momentum m1v1 equals m1v1prime plus m2v2prime, and kinetic energy similarly — and solved the system directly without invoking the formula. That's really where the standard result comes from anyway, so it's the same physics, just more algebra and more chances to make a sign error. I default to the memorized ratio because I've rederived it enough times to trust it, but doing it longhand is a fine cross-check if the answer looks off.
If the light cart's speed had come out less than the incoming 3 m/s, or if energy hadn't checked out when I verified it with the heavy cart's rebound velocity, I'd know I'd botched the mass ratio somewhere. Same if the required height came out negative or absurdly large compared to the hill — that's a sign I plugged in the wrong velocity or dropped a factor. And if the problem had said ""sticks"" instead of ""elastic,"" that alone would've sent me back to redo the whole thing with momentum-only reasoning like B1, not the elastic formulas.",You mentioned verifying with the heavy cart's rebound velocity — did you also check the collision in the centre-of-mass frame?
G53,variant,rewritten,explicit,fraction of kinetic energy lost in the collision as a check,A1;A2,"A1: A 2.0 kg block is released from rest at a height of 1.8 m on a frictionless ramp. At the bottom it collides with a 1.0 kg block at rest, and the two stick together. They then slide up a second frictionless ramp. How high do they rise?
A2: A 10 g bullet moving horizontally at 300 m/s embeds itself in a 2.0 kg wooden block hanging at rest from a 1.5 m string. What is the largest angle the string makes with the vertical?","Okay, block slides down, frictionless, so I get its speed at the bottom from energy.
Then they stick, so that part isn't energy, it's momentum, the collision loses energy.
Speed after is two thirds of the speed before, then energy again up the ramp.
Height scales with speed squared, so four ninths of 1.8, 0.8 metres. That's lower, which makes sense.
Bullet embeds, so again a sticking collision, momentum only for the impact.
Speed of block and bullet is about 1.49 metres per second, then it swings up, energy.
Rise is v squared over 2g, about 11 centimetres, and cos theta is one minus h over L, so around 22 degrees.
The word ""collide with... at rest, and the two stick together"" is the tell — that's a perfectly inelastic collision, so kinetic energy isn't conserved through that step, but momentum still is since there are no external horizontal impulses during the brief impact. So I switch tools right there: energy for the slide down, momentum for the collision itself, then energy again for the rise afterward.
It's a sanity check, not a proof — sticking collisions always bleed off kinetic energy, so the rise afterward must be less than the drop before, and 0.8 m is indeed less than 1.8 m. If I'd gotten something equal to or greater than 1.8 m I'd know I'd made an error, maybe forgetting to combine the masses or misapplying momentum. It's a quick consistency check, the real verification is that the algebra with the mass ratio and momentum conservation is self-consistent.
I could have plugged in numbers explicitly — solved v from mgh, computed the momentum-conserved v', then squared that to get a new h — but that's just extra arithmetic with the same g's and factors canceling out. Since the ramp's the same shape, height and speed-squared are directly proportional, so tracking the ratio of speeds directly and squaring it saves a step and reduces chances for a numerical slip. It's the same physics, just skipping unnecessary intermediate numbers.
If the combined speed after collision had come out equal to or greater than the initial speed before sticking, I'd know something was wrong — that violates the basic fact that inelastic collisions dissipate energy. Similarly if the mass ratio factor had come out greater than one, that's a red flag, since two-thirds squared should always be less than one. Either of those would send me back to check whether I'd conserved momentum correctly or mixed up which masses go where.
The most common slip is treating the whole thing as one big energy conservation problem — using mgh from the top all the way to the final rise, ignoring that a collision happens in between. That silently assumes kinetic energy is conserved through the sticking, which it isn't, and they'd get 1.8 m back out, which is exactly the wrong-looks-right trap. Another common one is using the wrong mass in momentum conservation — forgetting that the momentum equation needs the combined mass on one side after impact, but only the moving block's mass and speed before it. Either mistake, and you don't get the tell-tale ""lower than before"" answer.
""Embeds itself in"" is basically the same tell as ""stick together"" in A1 — it's telling me the bullet and block end up moving as one object, so it's perfectly inelastic. That means I can't use energy conservation across the impact itself, only momentum, and then switch to energy for the swing afterward since the string tension does no work and there's no friction there.
Same sanity check as before, roughly — the bullet's momentum, 0.01 times 300, is 3 kg·m/s, spread over a combined mass of about 2.01 kg, so I'd expect something on the order of one and a half metres per second, and 1.49 lines up with that rough division. It's also obviously much less than the bullet's original 300 m/s, which it has to be since it's now dragging along a 2 kg block. If I'd gotten something like 15 m/s or 0.15 m/s I'd know I'd misplaced a decimal or used the wrong mass in the denominator.
I could've gone through the pendulum's actual arc length or used the tension/centripetal condition at the top, but that's way more machinery than the problem needs — I only care about the maximum swing angle, and energy conservation gets me straight from speed to height without touching the dynamics of the swing itself. Once I have h, geometry gives me cos theta = 1 - h/L directly, so there's no need to parameterize the motion in time at all. Going the ""harder"" route would just be inviting extra trig and extra chances to slip.
If the height h had come out bigger than the string length L, that's an immediate red flag — cos theta would go negative or below -1 territory, which is nonsense for a pendulum that hasn't even gone past horizontal. Similarly, if h over L gave me something forcing cos theta outside the range minus one to one, I'd know I made an arithmetic slip somewhere in the velocity or the energy step. With h around 11 centimetres and L at 1.5 metres, the ratio's small and well-behaved, so that's another quiet confirmation I'm on the right track.
The classic mistake is using conservation of energy straight through from the bullet's initial speed to the swing height, ignoring that the embedding collision is inelastic — that gives a wildly inflated angle, maybe even more than 90 degrees, which should be an immediate red flag. Another common one is plugging the bullet's mass alone, or the block's mass alone, into the momentum equation instead of using the bullet's mass and speed against the combined mass afterward. Either error and you lose that ""much less than 300 m/s"" sanity check I rely on.","You said that error ""gives a wildly inflated angle, maybe even more than 90 degrees"" — would a student think to compute the fraction of kinetic energy lost in the collision to catch it?"
G54,original,rejected,,,A1;A2,"A1: A 2.0 kg block is released from rest at a height of 1.8 m on a frictionless ramp. At the bottom it collides with a 1.0 kg block at rest, and the two stick together. They then slide up a second frictionless ramp. How high do they rise?
A2: A 10 g bullet moving horizontally at 300 m/s embeds itself in a 2.0 kg wooden block hanging at rest from a 1.5 m string. What is the largest angle the string makes with the vertical?","Okay, block slides down, frictionless, so I get its speed at the bottom from energy.
Then they stick, so that part isn't energy, it's momentum, the collision loses energy.
Speed after is two thirds of the speed before, then energy again up the ramp.
Height scales with speed squared, so four ninths of 1.8, 0.8 metres. That's lower, which makes sense.
Bullet embeds, so again a sticking collision, momentum only for the impact.
Speed of block and bullet is about 1.49 metres per second, then it swings up, energy.
Rise is v squared over 2g, about 11 centimetres, and cos theta is one minus h over L, so around 22 degrees.
The word ""collide"" and ""stick together"" — that's the giveaway, it's an inelastic collision, so kinetic energy just isn't conserved there. Any time two objects join together in a collision, I know some energy goes into deformation or heat, so I have to switch tools and use momentum conservation for that instant. Before and after that instant, though, it's back to smooth motion on the ramps, so energy conservation applies again there. It's really just pattern recognition from doing dozens of these — sticking equals momentum, smooth sliding equals energy.
It's a sanity check, not a proof — I know inelastic collisions always bleed off kinetic energy, so the system simply can't rise back to the original 1.8 metres. If I'd gotten something equal to or higher than the starting height, that would've told me I made an error, probably forgetting the mass ratio in the momentum step. Getting a smaller number is the right shape of answer, so it passes the smell test even before I trust the exact arithmetic.
I think students often forget that momentum conservation gives you a ratio involving the masses, not just some generic fraction — they'll either use the wrong masses or, worse, try to conserve kinetic energy right through the collision and get the wrong speed entirely. The other common slip is plugging in total mass incorrectly, forgetting it's momentum of the first block before impact equal to momentum of the combined mass after. So really it's two separate errors: reaching for the wrong conservation law, and then even if they pick momentum correctly, mishandling the algebra with the combined mass.
Sure, I could've skipped naming the speed explicitly and just chained the ratios symbolically — combine momentum conservation and energy conservation into one expression for height directly, so h_final equals h_initial times the square of the mass fraction, m1 over m1 plus m2, all squared. That avoids computing the intermediate velocity numerically and just tracks the algebra through in one go. I usually don't bother, though, because computing the actual speed at each stage helps me catch arithmetic errors and it also just feels more physical to me, like I'm watching the block actually move through each phase.
If I'd ended up with a rise equal to or greater than 1.8 metres, that's an immediate red flag — an inelastic collision can't give that back, so I'd know I'd botched the momentum step or accidentally conserved energy through the collision. Similarly, if the mass ratio had spit out something like the speed increasing after the stick, I'd stop right there, because combined mass moving faster than the incoming block violates basic momentum sense. Those are the kinds of results that would make me scrap the calculation and re-derive the velocity ratio from scratch rather than just double-checking arithmetic.
Same signature as A1, really — anytime something buries itself or sticks in something else, that's my cue it's a plastic collision, no ifs about it. The bullet ""embeds itself"" in the block, so I know instantly kinetic energy is not conserved during that impact, only momentum survives. After that, the block-plus-bullet swings on the string, which is smooth motion again, so energy conservation takes back over for the rise. It's the same two-phase pattern as the ramp problem, just dressed up with a pendulum instead of a second incline.
The bullet's 10 grams against a 2 kilo block, so the speed should drop by roughly a factor of two hundred, and 300 over 201 landing near 1.5 felt right on inspection. Then for the rise, a slow swing like that shouldn't lift the pendulum far, and 11 centimeters out of a 1.5 meter string is a small fraction, consistent with such a modest speed. If I'd gotten something like half a meter of rise, I'd have known immediately something was off, since that speed just doesn't carry enough energy for a big swing.","In A2 you finished with ""cos theta is one minus h over L, so around 22 degrees"" — where would a first-year student trip up in that last step?"
G55,original,accepted,,,B1;B2,"B1: A 0.50 kg block sliding at 4.0 m/s on a frictionless surface hits and sticks to a 1.5 kg block at rest, which is attached to a horizontal spring (k = 200 N/m) whose other end is fixed to a wall. What is the maximum compression of the spring?
B2: A 2.0 kg cart moving at 3.0 m/s collides elastically with a 1.0 kg cart at rest on a frictionless track. The track ahead of the 1.0 kg cart rises over a hill 0.50 m high. Does the 1.0 kg cart make it over the hill?","Sticks to the block on the spring, so first the collision with momentum, speed one metre per second.
Then the pair compresses the spring, kinetic energy into spring energy, one joule equals a half k x squared.
x is 0.1 metres. I shouldn't use the initial kinetic energy, that's the classic trap.
Elastic, so both momentum and kinetic energy are conserved, I'll use the standard result.
Light cart leaves at 2 m1 over m1 plus m2 times v, four metres per second.
It could climb v squared over 2g, about 0.82 metres, more than 0.5, so yes it gets over.
The word ""sticks"" is the giveaway — that's perfectly inelastic, so momentum conservation applies to the collision itself, but kinetic energy doesn't carry through intact. I know I have to break the problem into two separate stages: first the collision to find the velocity right after impact, then a separate energy conservation step from that post-collision velocity into spring compression. If I tried to jump straight to energy conservation using the initial 4.0 m/s, I'd be ignoring the energy lost in the sticking collision, which is exactly the trap I flagged out loud.
I checked it two ways: first, the numbers are clean — one joule of kinetic energy after collision equals a half times 200 times x squared, and x pops out to a tidy 0.1 meters, which is a good sign. Second, I sanity-checked the energy accounting — 1 kg at 1 m/s gives 0.5 joules, wait, let me redo that... 2 kg total mass, so a half times 2 times 1 squared is 1 joule, matching the spring energy at that compression, so the bookkeeping closes properly. When units and magnitudes line up like that with no leftover energy unaccounted for, I trust the result.
I could have tried to track the motion through the compression using forces or kinematics directly, but the spring force isn't constant, so that's a nightmare of a differential equation for no reason. Energy conservation sidesteps all that — I don't care about the details of the compression, only that kinetic energy converts entirely into spring potential energy at maximum compression, where velocity is momentarily zero. That's really the signal that tells me energy methods are the right tool: whenever I only need the endpoints of a process, not the trajectory, energy conservation is almost always cleaner than force analysis.
If the problem said the spring was attached to the bullet block instead, or if the collision itself happened while already in contact with the spring so they weren't cleanly separable, I'd have to rethink — you can't always split into clean stages if the spring force acts during the collision. I'd also get suspicious if the post-collision energy came out larger than the pre-collision kinetic energy, since sticking always loses energy — that would tell me I'd made an algebra or conceptual error. And honestly, if x had popped out negative or complex, that's an immediate red flag that I'd set up the energy equation wrong.
Another classic slip is forgetting the collision entirely and just treating it as one mass sliding into a spring, or mixing up which mass to use in the energy equation — using 0.5 kg instead of the combined 2.0 kg after they stick. Students also sometimes try to conserve kinetic energy through the collision itself, treating ""sticks to"" as if it were elastic, which of course violates the whole point of a perfectly inelastic collision. And I've seen students forget that momentum conservation applies only to the collision step, then wrongly apply it again to the spring compression phase, where it's not the right conservation law at all.
The word ""elastic"" is explicit in the problem, and that's my cue to skip deriving from scratch and just recall the standard elastic collision formulas for two masses, since I've derived them so many times I trust the shortcut. With one cart initially at rest, those formulas simplify nicely, so I know I can get both post-collision velocities directly without solving simultaneous equations from momentum and energy conservation each time. It's really a pattern-match: ""elastic"" plus ""one object at rest"" signals the textbook two-body elastic collision result.
I plugged v = 2m1/(m1+m2) times v: 2 times 2.0 over 3.0 times 3.0, which gives 4.0 m/s. It's also worth checking it's physically sensible — in an elastic collision, a light cart struck by a heavier moving one should end up faster than the incoming speed, and 4.0 exceeding the original 3.0 m/s fits that pattern. And I double-checked momentum: 2.0 kg at 3.0 gives 6.0, matching 2.0 times the heavy cart's rebound speed plus 1.0 times 4.0, so the bookkeeping closes.
I could've written out the two conservation equations from scratch — momentum equal to m1v1 plus m2v2, and kinetic energy equal to a half m1v1 squared plus a half m2v2 squared — then solved them simultaneously as a system, which does work but involves a messier quadratic step. I didn't bother because I've derived the standard formulas enough times that I trust them completely, and recognizing ""elastic plus one mass at rest"" as the pattern lets me skip straight to the shortcut without re-deriving it every time. It's really just efficiency — the algebra would give the same answer, but there's no reason to redo work I've already verified many times over.
If the numbers came out close, like 0.5 or 0.6 meters instead of 0.82, I'd want to double check my arithmetic more carefully since a near-miss is exactly where rounding errors bite you. I'd also stop and rethink if the height came out less than 0.5 but the problem's phrasing seemed to hint the cart should clear it, since that mismatch would mean I'd made an error somewhere in the elastic collision formula or the energy conversion. And of course, if the cart's post-collision speed came out negative — meaning it bounced backward — that would immediately tell me something's wrong, since it can't climb a hill it's moving away from.
The main slip is forgetting to check that the track is frictionless and just equating kinetic energy to potential energy — students sometimes plug in the wrong mass, like using the 2.0 kg cart's mass instead of the 1.0 kg cart that's actually climbing. Another common error is misremembering the formula and writing v over 2g instead of v squared over 2g, which throws the units off entirely. And some students forget the cart needs kinetic energy left at the top if it's just ""clearing"" the hill versus stopping exactly at the height — here it's fine since we just want it to reach 0.5 m, but that distinction trips people up in similar problems.","You said students slip by ""forgetting to check that the track is frictionless"" — say more about what that check looks like for you here?"
G56,original,rejected,,,A1;A2,"A1: A 2.0 kg block is released from rest at a height of 1.8 m on a frictionless ramp. At the bottom it collides with a 1.0 kg block at rest, and the two stick together. They then slide up a second frictionless ramp. How high do they rise?
A2: A 10 g bullet moving horizontally at 300 m/s embeds itself in a 2.0 kg wooden block hanging at rest from a 1.5 m string. What is the largest angle the string makes with the vertical?","Okay, block slides down, frictionless, so I get its speed at the bottom from energy.
Then they stick, so that part isn't energy, it's momentum, the collision loses energy.
Speed after is two thirds of the speed before, then energy again up the ramp.
Height scales with speed squared, so four ninths of 1.8, 0.8 metres. That's lower, which makes sense.
Bullet embeds, so again a sticking collision, momentum only for the impact.
Speed of block and bullet is about 1.49 metres per second, then it swings up, energy.
Rise is v squared over 2g, about 11 centimetres, and cos theta is one minus h over L, so around 22 degrees.
The word ""collide"" plus ""stick together"" is the giveaway — anytime objects merge into one, kinetic energy isn't conserved because some goes into deformation or heat, but momentum still is, since there's no external horizontal force during that brief contact. So I pattern-match on that phrase and immediately switch tools: momentum for the collision itself, energy for the smooth ramp motion before and after. It's really just recognizing which physical law applies to which phase of the motion.
It's a quick sanity check, not a proof — I know a perfectly inelastic collision always dissipates energy, so the block system must rise lower than the original 1.8 metres, never equal or higher. If I'd gotten something like 1.8 or 2.5 metres, I'd know immediately I'd mixed up energy and momentum somewhere. It's really just a plausibility filter I run automatically before moving on.
The classic mistake is plugging the pre-collision speed straight into the height formula, as if energy just carries through the collision unchanged — that's forgetting the merge happened at all. Or they try to conserve kinetic energy through the sticking collision itself, setting the two KEs equal instead of the momenta, which gives a totally wrong speed. The mass ratio is also a common slip — using 2.0 over 3.0 correctly requires remembering it's momentum before over total mass after, not some energy fraction, so I always double check that the two-thirds comes from mv equalling (m+M)v', not from squaring anything.
I could've just plugged numbers all the way through instead of shortcutting — find v at bottom from mgh, get v' from momentum conservation, then set half (m+M)v'² equal to (m+M)gh' and solve for h' directly in meters per second. It's the same arithmetic, just done in stages rather than noticing that the ramp heights are proportional to velocity squared, which lets you skip straight to the ratio. I like the ratio trick because it's faster and it also doubles as that sanity check — but a student who isn't comfortable with proportional reasoning should absolutely just grind through the numbers explicitly.
If I'd found the speed after collision to be equal to or greater than the speed before, I'd know something was badly wrong — that would violate energy loss in a sticking collision, and I'd stop right there and recheck whether I'd actually used momentum conservation or accidentally conserved energy through the impact. Similarly, if the height had come out at 1.8 metres or higher, that's an immediate red flag the merge wasn't accounted for at all. Those checkpoints are non-negotiable for me before I trust the rest of the arithmetic.
It's the same signature as A1: a fast small mass merging permanently into a larger one, ""embeds"" being basically a synonym for ""sticks together."" Structurally it's identical — momentum conservation across the brief impact, then energy conservation for the smooth swing afterward. Once I see that merging language, I don't need to rethink the physics from scratch, I just recognize the same two-phase pattern and move through it.","In A2 you went from ""about 11 centimetres"" to ""cos theta is one minus h over L"" — how did you know that angle step was right?"
G57,original,rejected,,,B1;B2,"B1: A 0.50 kg block sliding at 4.0 m/s on a frictionless surface hits and sticks to a 1.5 kg block at rest, which is attached to a horizontal spring (k = 200 N/m) whose other end is fixed to a wall. What is the maximum compression of the spring?
B2: A 2.0 kg cart moving at 3.0 m/s collides elastically with a 1.0 kg cart at rest on a frictionless track. The track ahead of the 1.0 kg cart rises over a hill 0.50 m high. Does the 1.0 kg cart make it over the hill?","Sticks to the block on the spring, so first the collision with momentum, speed one metre per second.
Then the pair compresses the spring, kinetic energy into spring energy, one joule equals a half k x squared.
x is 0.1 metres. I shouldn't use the initial kinetic energy, that's the classic trap.
Elastic, so both momentum and kinetic energy are conserved, I'll use the standard result.
Light cart leaves at 2 m1 over m1 plus m2 times v, four metres per second.
It could climb v squared over 2g, about 0.82 metres, more than 0.5, so yes it gets over.
The word ""sticks"" is the giveaway — that's a perfectly inelastic collision, so momentum conservation applies but kinetic energy isn't conserved during the collision itself. I know that energy gets conserved only after the collision, once the combined blocks compress the spring. So I have to do it in two stages: momentum first to get the shared velocity, then energy conservation from that point into the spring. Jumping straight to energy with the initial speed would ignore the energy lost when the blocks stick together.
A first-year often forgets that ""sticks together"" means kinetic energy is lost right there in the collision, so they'll take the block's original 4.0 m/s, plug it straight into a half m v squared equals a half k x squared, and get a compression that's way too large. They skip computing the post-collision velocity entirely and treat the whole system as if all the initial kinetic energy is available to compress the spring, which ignores the energy dissipated in the perfectly inelastic collision. It's a natural mistake because the numbers are right there and the two-step structure isn't obvious unless you've internalized that sticking equals an energy loss.
Quick sanity check on units and magnitude: k is 200 N/m, so a 0.1 m compression stores half times 200 times 0.01, which is 1 joule — that matches the kinetic energy I got from the 2 kg mass moving at 1 m/s after the collision, so the energy books balance. I also checked that 0.1 m is physically reasonable for a spring like this, not absurdly large or vanishingly small, so it passes the smell test.
The word ""elastic"" is the trigger — that's my cue that both momentum and kinetic energy conservation hold simultaneously, which is exactly the condition that lets you derive those closed-form velocity formulas for a two-body collision. Rather than re-deriving them from scratch every time, I recognize the setup — one cart at rest, elastic collision, unequal masses — as matching the standard textbook derivation, so I just recall the result for v1' and v2' in terms of the mass ratio. It saves time and reduces arithmetic error, since I've verified that derivation enough times to trust it.
I just used energy conservation converting all the kinetic energy into gravitational potential — half m v squared equals m g h, the mass cancels, so h equals v squared over 2g. With v equals 4, that's 16 over 19.6, which is roughly 0.82 metres. Since 0.82 is bigger than the 0.50 metre hill, the cart clears it, and the number felt right because 4 m/s is a decent clip for a cart, so climbing something less than a metre is entirely plausible.
I could have gone through Newton's second law with the spring force and set up the differential equation for simple harmonic motion, then found the amplitude that way — but that's massive overkill for just finding maximum compression. Energy conservation is the direct route: at maximum compression, all the kinetic energy of the combined blocks has converted to spring potential energy, since velocity is momentarily zero there. There's no reason to solve the full equation of motion when I only need one point in the motion, not the whole trajectory.","In B2, you got 4 m/s for the light cart from the standard result — what else could you have done to get that velocity, and why didn't you?"
G58,variant,rewritten,subtle,short collision duration (impulse approximation),A1;A2,"A1: A 2.0 kg block is released from rest at a height of 1.8 m on a frictionless ramp. At the bottom it collides with a 1.0 kg block at rest, and the two stick together. They then slide up a second frictionless ramp. How high do they rise?
A2: A 10 g bullet moving horizontally at 300 m/s embeds itself in a 2.0 kg wooden block hanging at rest from a 1.5 m string. What is the largest angle the string makes with the vertical?","Okay, block slides down, frictionless, so I get its speed at the bottom from energy.
Then they stick, so that part isn't energy, it's momentum, the collision loses energy.
Speed after is two thirds of the speed before, then energy again up the ramp.
Height scales with speed squared, so four ninths of 1.8, 0.8 metres. That's lower, which makes sense.
Bullet embeds, so again a sticking collision, momentum only for the impact.
Speed of block and bullet is about 1.49 metres per second, then it swings up, energy.
Rise is v squared over 2g, about 11 centimetres, and cos theta is one minus h over L, so around 22 degrees.","In A1 you said right away ""that part isn't energy, it's momentum"" — was there anything about how briefly the blocks are in contact that told you that?"
G59,original,rejected,,,A1;A2,"A1: A 2.0 kg block is released from rest at a height of 1.8 m on a frictionless ramp. At the bottom it collides with a 1.0 kg block at rest, and the two stick together. They then slide up a second frictionless ramp. How high do they rise?
A2: A 10 g bullet moving horizontally at 300 m/s embeds itself in a 2.0 kg wooden block hanging at rest from a 1.5 m string. What is the largest angle the string makes with the vertical?","Okay, block slides down, frictionless, so I get its speed at the bottom from energy.
Then they stick, so that part isn't energy, it's momentum, the collision loses energy.
Speed after is two thirds of the speed before, then energy again up the ramp.
Height scales with speed squared, so four ninths of 1.8, 0.8 metres. That's lower, which makes sense.
Bullet embeds, so again a sticking collision, momentum only for the impact.
Speed of block and bullet is about 1.49 metres per second, then it swings up, energy.
Rise is v squared over 2g, about 11 centimetres, and cos theta is one minus h over L, so around 22 degrees.
The word ""collide"" and ""stick together"" — that's the giveaway, it's an inelastic collision, so kinetic energy just isn't conserved there. Any time two objects join together in a collision, I know some energy goes into deformation or heat, so I have to switch tools and use momentum conservation for that instant. Before and after that instant, though, it's back to smooth motion on the ramps, so energy conservation applies again there. It's really just pattern recognition from doing dozens of these — sticking equals momentum, smooth sliding equals energy.
It's a sanity check, not a proof — I know inelastic collisions always bleed off kinetic energy, so the system simply can't rise back to the original 1.8 metres. If I'd gotten something equal to or higher than the starting height, that would've told me I made an error, probably forgetting the mass ratio in the momentum step. Getting a smaller number is the right shape of answer, so it passes the smell test even before I trust the exact arithmetic.
I think students often forget that momentum conservation gives you a ratio involving the masses, not just some generic fraction — they'll either use the wrong masses or, worse, try to conserve kinetic energy right through the collision and get the wrong speed entirely. The other common slip is plugging in total mass incorrectly, forgetting it's momentum of the first block before impact equal to momentum of the combined mass after. So really it's two separate errors: reaching for the wrong conservation law, and then even if they pick momentum correctly, mishandling the algebra with the combined mass.
Sure, I could've skipped naming the speed explicitly and just chained the ratios symbolically — combine momentum conservation and energy conservation into one expression for height directly, so h_final equals h_initial times the square of the mass fraction, m1 over m1 plus m2, all squared. That avoids computing the intermediate velocity numerically and just tracks the algebra through in one go. I usually don't bother, though, because computing the actual speed at each stage helps me catch arithmetic errors and it also just feels more physical to me, like I'm watching the block actually move through each phase.
If I'd ended up with a rise equal to or greater than 1.8 metres, that's an immediate red flag — an inelastic collision can't give that back, so I'd know I'd botched the momentum step or accidentally conserved energy through the collision. Similarly, if the mass ratio had spit out something like the speed increasing after the stick, I'd stop right there, because combined mass moving faster than the incoming block violates basic momentum sense. Those are the kinds of results that would make me scrap the calculation and re-derive the velocity ratio from scratch rather than just double-checking arithmetic.
Same signature as A1, really — anytime something buries itself or sticks in something else, that's my cue it's a plastic collision, no ifs about it. The bullet ""embeds itself"" in the block, so I know instantly kinetic energy is not conserved during that impact, only momentum survives. After that, the block-plus-bullet swings on the string, which is smooth motion again, so energy conservation takes back over for the rise. It's the same two-phase pattern as the ramp problem, just dressed up with a pendulum instead of a second incline.
The bullet's 10 grams against a 2 kilo block, so the speed should drop by roughly a factor of two hundred, and 300 over 201 landing near 1.5 felt right on inspection. Then for the rise, a slow swing like that shouldn't lift the pendulum far, and 11 centimeters out of a 1.5 meter string is a small fraction, consistent with such a modest speed. If I'd gotten something like half a meter of rise, I'd have known immediately something was off, since that speed just doesn't carry enough energy for a big swing.
I think the trap there is geometry, not physics — students want to just plug h over L straight into an inverse cosine without realizing the string's vertical drop from the pivot is L minus h, not h itself. So they either forget the ""one minus"" part entirely, or they mix up sine and cosine for the angle from vertical versus the angle from horizontal. It's a classic case of the physics being done correctly upstream — momentum then energy — but then losing the marks on the last trigonometric bookkeeping step.
I could've kept everything symbolic and written cos θ = 1 minus (v²/2gL), plugging numbers only at the very end instead of computing h separately — that's a bit cleaner and avoids an intermediate rounding step. I didn't bother because seeing the actual height in centimeters gives me a concrete physical check before I trust the angle, same reasoning as in A1. Breaking it into a height number first also makes it easier to catch a units slip, since centimeters versus meters is an easy place to trip up. So it's really a tradeoff between algebraic elegance and having more checkpoints to catch mistakes.
If the combined velocity had come out close to 300 m/s, or the angle had come out anywhere near 90 degrees, I'd have stopped immediately — a tiny bullet can't hand off nearly all its speed to a 200-times-heavier block, and there's just no way that little bit of energy swings the pendulum anywhere near horizontal. Either of those would tell me I'd botched the mass ratio in the momentum step, maybe using the bullet's mass alone instead of the combined mass, or messed up the energy equation on the swing. Those are the kind of physically absurd results that make me go back to the setup rather than just recheck arithmetic.
It's really about the size of the discrepancy and whether the answer violates a hard physical bound. If a number is just a bit off — like getting 20 degrees instead of 22 — that smells like a rounding slip or a calculator fumble, so I'll just retrace the arithmetic first. But if I get something like a speed exceeding the bullet's initial speed, or an angle at 90 degrees, that's not a rounding issue, that's a violation of conservation laws themselves, and no amount of arithmetic checking fixes that — I have to go back and question which equation I set up. So the tell is: small drift, check arithmetic; qualitatively impossible, check the physics.
That's just the geometry of the pendulum — I need L to convert a height into an angle, since h by itself is meaningless without knowing how long the string is that's swinging up. The moment I have a rise in meters, I know I'm going to need an inverse trig function to get an angle, and that automatically means I need L in the picture, because the vertical drop from the pivot to the bob is L minus h, not h alone. So really it's a reflex at that point: height plus string length equals angle, that's just the shape of a pendulum problem.
Ratios cut straight to the answer without dragging extra decimal places through the calculation — since it's all one power of v squared, the actual meters per second value never mattered, only the fraction two thirds and its square. Working symbolically like that also makes the physics transparent: I can see directly that it's the mass ratio, squared, that's shrinking the height, rather than that just being buried in some numeric coincidence. Honestly it's just efficient — why compute an intermediate velocity in full when the ratio survives cleanly to the end anyway.
It's available anytime the answer only depends on a ratio of the same quantity, so all the units and constants cancel cleanly — here both heights come from the same ""v squared over 2g,"" so g and v drop out and only the velocity fraction survives. I look for that structure whenever a problem chains conservation laws back to back, since often the intermediate variable is just scaffolding, not something I need explicitly. The moment I see the same functional form on both ends, like h proportional to v squared here, I know I can work entirely in ratios and skip the numeric middle step. It's not something I trust blindly, though — I'll usually still sanity check with real numbers once, like I did here, before I let myself lean on the shortcut alone.
I think students often plug in the bullet's mass alone in the denominator instead of the combined mass of bullet plus block, since it's easy to forget that once they stick together, they move as one object. Another common slip is trying to conserve kinetic energy across the collision itself, since a lot of intro students see ""conservation"" and reach for energy first out of habit, even though embedding is clearly inelastic. Either mistake gives a wildly wrong speed — too fast if they forget to add the block's mass, or a nonsensical result if they try energy conservation through the stick — so it's worth flagging both traps explicitly when I teach this.
It's a small angle off a slow swing, so 22 degrees felt like the right ballpark before I even checked the arithmetic — nowhere near vertical, but not negligible either. I also just eyeballed that cos of 22 degrees should land close to my 1 minus h over L value, roughly 0.93, and it did. That agreement between the trig and the energy numbers is really my main confirmation, since the whole chain — momentum, energy, geometry — has to line up consistently for me to trust the final number.
I think students sometimes try to reuse the original 1.8 metres somewhere, or forget that the mass going up the second ramp is the combined mass, even though mass actually cancels out in that stage of energy conservation. The other trap is thinking the second ramp needs its own momentum treatment since it ""looks like"" the same kind of problem as the collision, when really it's just smooth sliding and energy applies cleanly. So the error is usually conceptual bleed-through — carrying assumptions or numbers from the collision step into a stage where they don't belong anymore.
That's just straight momentum conservation — m1v equals (m1 plus m2)v', so v' over v is m1 over the total mass, two over three here since it's 2 kg into 2 plus 1. I checked that it made sense too: the ratio has to be less than one, because the collision can't speed anything up, only spread the momentum over more mass. Two thirds is a clean, sensible fraction for that mass split, so it passed the smell test before I even squared it for the height.","In A2, for the swing phase after the collision — was there another way you could have gotten the angle besides going through the rise?"
G60,variant,rewritten,explicit,impulse delivered by the bullet to the block,A1;A2,"A1: A 2.0 kg block is released from rest at a height of 1.8 m on a frictionless ramp. At the bottom it collides with a 1.0 kg block at rest, and the two stick together. They then slide up a second frictionless ramp. How high do they rise?
A2: A 10 g bullet moving horizontally at 300 m/s embeds itself in a 2.0 kg wooden block hanging at rest from a 1.5 m string. What is the largest angle the string makes with the vertical?","Okay, block slides down, frictionless, so I get its speed at the bottom from energy.
Then they stick, so that part isn't energy, it's momentum, the collision loses energy.
Speed after is two thirds of the speed before, then energy again up the ramp.
Height scales with speed squared, so four ninths of 1.8, 0.8 metres. That's lower, which makes sense.
Bullet embeds, so again a sticking collision, momentum only for the impact.
Speed of block and bullet is about 1.49 metres per second, then it swings up, energy.
Rise is v squared over 2g, about 11 centimetres, and cos theta is one minus h over L, so around 22 degrees.
The word ""collide"" and ""stick together"" — that's the giveaway, it's an inelastic collision, so kinetic energy just isn't conserved there. Any time two objects join together in a collision, I know some energy goes into deformation or heat, so I have to switch tools and use momentum conservation for that instant. Before and after that instant, though, it's back to smooth motion on the ramps, so energy conservation applies again there. It's really just pattern recognition from doing dozens of these — sticking equals momentum, smooth sliding equals energy.
It's a sanity check, not a proof — I know inelastic collisions always bleed off kinetic energy, so the system simply can't rise back to the original 1.8 metres. If I'd gotten something equal to or higher than the starting height, that would've told me I made an error, probably forgetting the mass ratio in the momentum step. Getting a smaller number is the right shape of answer, so it passes the smell test even before I trust the exact arithmetic.
I think students often forget that momentum conservation gives you a ratio involving the masses, not just some generic fraction — they'll either use the wrong masses or, worse, try to conserve kinetic energy right through the collision and get the wrong speed entirely. The other common slip is plugging in total mass incorrectly, forgetting it's momentum of the first block before impact equal to momentum of the combined mass after. So really it's two separate errors: reaching for the wrong conservation law, and then even if they pick momentum correctly, mishandling the algebra with the combined mass.
Sure, I could've skipped naming the speed explicitly and just chained the ratios symbolically — combine momentum conservation and energy conservation into one expression for height directly, so h_final equals h_initial times the square of the mass fraction, m1 over m1 plus m2, all squared. That avoids computing the intermediate velocity numerically and just tracks the algebra through in one go. I usually don't bother, though, because computing the actual speed at each stage helps me catch arithmetic errors and it also just feels more physical to me, like I'm watching the block actually move through each phase.
If I'd ended up with a rise equal to or greater than 1.8 metres, that's an immediate red flag — an inelastic collision can't give that back, so I'd know I'd botched the momentum step or accidentally conserved energy through the collision. Similarly, if the mass ratio had spit out something like the speed increasing after the stick, I'd stop right there, because combined mass moving faster than the incoming block violates basic momentum sense. Those are the kinds of results that would make me scrap the calculation and re-derive the velocity ratio from scratch rather than just double-checking arithmetic.
Same signature as A1, really — anytime something buries itself or sticks in something else, that's my cue it's a plastic collision, no ifs about it. The bullet ""embeds itself"" in the block, so I know instantly kinetic energy is not conserved during that impact, only momentum survives. After that, the block-plus-bullet swings on the string, which is smooth motion again, so energy conservation takes back over for the rise. It's the same two-phase pattern as the ramp problem, just dressed up with a pendulum instead of a second incline.
The bullet's 10 grams against a 2 kilo block, so the speed should drop by roughly a factor of two hundred, and 300 over 201 landing near 1.5 felt right on inspection. Then for the rise, a slow swing like that shouldn't lift the pendulum far, and 11 centimeters out of a 1.5 meter string is a small fraction, consistent with such a modest speed. If I'd gotten something like half a meter of rise, I'd have known immediately something was off, since that speed just doesn't carry enough energy for a big swing.
I think the trap there is geometry, not physics — students want to just plug h over L straight into an inverse cosine without realizing the string's vertical drop from the pivot is L minus h, not h itself. So they either forget the ""one minus"" part entirely, or they mix up sine and cosine for the angle from vertical versus the angle from horizontal. It's a classic case of the physics being done correctly upstream — momentum then energy — but then losing the marks on the last trigonometric bookkeeping step.
I could've kept everything symbolic and written cos θ = 1 minus (v²/2gL), plugging numbers only at the very end instead of computing h separately — that's a bit cleaner and avoids an intermediate rounding step. I didn't bother because seeing the actual height in centimeters gives me a concrete physical check before I trust the angle, same reasoning as in A1. Breaking it into a height number first also makes it easier to catch a units slip, since centimeters versus meters is an easy place to trip up. So it's really a tradeoff between algebraic elegance and having more checkpoints to catch mistakes.
If the combined velocity had come out close to 300 m/s, or the angle had come out anywhere near 90 degrees, I'd have stopped immediately — a tiny bullet can't hand off nearly all its speed to a 200-times-heavier block, and there's just no way that little bit of energy swings the pendulum anywhere near horizontal. Either of those would tell me I'd botched the mass ratio in the momentum step, maybe using the bullet's mass alone instead of the combined mass, or messed up the energy equation on the swing. Those are the kind of physically absurd results that make me go back to the setup rather than just recheck arithmetic.
It's really about the size of the discrepancy and whether the answer violates a hard physical bound. If a number is just a bit off — like getting 20 degrees instead of 22 — that smells like a rounding slip or a calculator fumble, so I'll just retrace the arithmetic first. But if I get something like a speed exceeding the bullet's initial speed, or an angle at 90 degrees, that's not a rounding issue, that's a violation of conservation laws themselves, and no amount of arithmetic checking fixes that — I have to go back and question which equation I set up. So the tell is: small drift, check arithmetic; qualitatively impossible, check the physics.
That's just the geometry of the pendulum — I need L to convert a height into an angle, since h by itself is meaningless without knowing how long the string is that's swinging up. The moment I have a rise in meters, I know I'm going to need an inverse trig function to get an angle, and that automatically means I need L in the picture, because the vertical drop from the pivot to the bob is L minus h, not h alone. So really it's a reflex at that point: height plus string length equals angle, that's just the shape of a pendulum problem.
Ratios cut straight to the answer without dragging extra decimal places through the calculation — since it's all one power of v squared, the actual meters per second value never mattered, only the fraction two thirds and its square. Working symbolically like that also makes the physics transparent: I can see directly that it's the mass ratio, squared, that's shrinking the height, rather than that just being buried in some numeric coincidence. Honestly it's just efficient — why compute an intermediate velocity in full when the ratio survives cleanly to the end anyway.
It's available anytime the answer only depends on a ratio of the same quantity, so all the units and constants cancel cleanly — here both heights come from the same ""v squared over 2g,"" so g and v drop out and only the velocity fraction survives. I look for that structure whenever a problem chains conservation laws back to back, since often the intermediate variable is just scaffolding, not something I need explicitly. The moment I see the same functional form on both ends, like h proportional to v squared here, I know I can work entirely in ratios and skip the numeric middle step. It's not something I trust blindly, though — I'll usually still sanity check with real numbers once, like I did here, before I let myself lean on the shortcut alone.","In A2, at the step where you got the combined speed just after the bullet embeds — would a first-year student misjudge the impulse the bullet delivers to the block there?"
